,date,price,dividend
0,11/10/10,2.2978,0.05
1,12/10/10,2.3259,0.05
2,13/10/10,2.3775,0.05
3,14/10/10,2.3564,0.05
4,15/10/10,2.3658,0.05
5,18/10/10,2.4221,0.05
6,19/10/10,2.4408,0.05
7,20/10/10,2.483,0.05
8,21/10/10,2.5112,0.05
9,22/10/10,2.4948,0.05
10,25/10/10,2.4291,0.05
11,26/10/10,2.4338,0.05
12,27/10/10,2.4291,0.05
13,28/10/10,2.4268,0.05
14,29/10/10,2.3705,0.05
15,01/11/10,2.3353,0.05
16,02/11/10,2.3611,0.05
17,03/11/10,2.3025,0.05
18,04/11/10,2.3377,0.05
19,05/11/10,2.2673,0.05
20,08/11/10,2.3119,0.05
21,09/11/10,2.3353,0.05
22,10/11/10,2.2134,0.05
23,11/11/10,2.1829,0.05
24,12/11/10,2.1923,0.05
25,15/11/10,2.2204,0.05
26,16/11/10,2.1946,0.05
27,17/11/10,2.1899,0.05
28,18/11/10,2.1993,0.05
29,19/11/10,2.1595,0.05
30,22/11/10,2.1008,0.05
31,23/11/10,2.0282,0.05
32,24/11/10,2.0329,0.05
33,25/11/10,2.0094,0.05
34,26/11/10,1.9977,0.05
35,29/11/10,1.9156,0.05
36,30/11/10,1.8804,0.05
37,01/12/10,1.932,0.05
38,02/12/10,2.0047,0.05
39,03/12/10,2.0094,0.05
40,06/12/10,1.9531,0.05
41,07/12/10,1.9813,0.05
42,08/12/10,2.0211,0.05
43,09/12/10,2.068,0.05
44,10/12/10,2.0352,0.05
45,13/12/10,2.0586,0.05
46,14/12/10,2.0727,0.05
47,15/12/10,2.0141,0.05
48,16/12/10,2.0188,0.05
49,17/12/10,1.9508,0.05
50,20/12/10,1.9836,0.05
51,21/12/10,2.0305,0.05
52,22/12/10,2.0117,0.05
53,23/12/10,2.0047,0.05
54,27/12/10,1.9695,0.05
55,28/12/10,1.9508,0.05
56,29/12/10,1.9484,0.05
57,30/12/10,1.9039,0.05
58,03/01/11,1.9273,0.05
59,04/01/11,1.9649,0.05
60,05/01/11,1.9297,0.05
61,06/01/11,1.925,0.05
62,07/01/11,1.8804,0.05
63,10/01/11,1.7735,0.05
64,11/01/11,1.8176,0.05
65,12/01/11,2.0047,0.05
66,13/01/11,2.054,0.05
67,14/01/11,2.1055,0.05
68,17/01/11,2.0891,0.05
69,18/01/11,2.1407,0.05
70,19/01/11,2.1477,0.05
71,20/01/11,2.2228,0.05
72,21/01/11,2.2556,0.05
73,24/01/11,2.2673,0.05
74,25/01/11,2.2181,0.05
75,26/01/11,2.1899,0.05
76,27/01/11,2.2978,0.05
77,28/01/11,2.2579,0.05
78,31/01/11,2.279,0.05
79,01/02/11,2.333,0.05
80,02/02/11,2.3939,0.05
81,03/02/11,2.3236,0.05
82,04/02/11,2.3517,0.05
83,07/02/11,2.3611,0.05
84,08/02/11,2.3353,0.05
85,09/02/11,2.3119,0.05
86,10/02/11,2.279,0.05
87,11/02/11,2.2978,0.05
88,14/02/11,2.272,0.05
89,15/02/11,2.3424,0.05
90,16/02/11,2.4291,0.05
91,17/02/11,2.4221,0.05
92,18/02/11,2.3752,0.05
93,21/02/11,2.2528,0.05
94,22/02/11,2.2153,0.05
95,23/02/11,2.234,0.05
96,24/02/11,2.2397,0.05
97,25/02/11,2.2865,0.05
98,28/02/11,2.2922,0.05
99,01/03/11,2.2303,0.05
100,02/03/11,2.2321,0.05
101,03/03/11,2.2246,0.05
102,04/03/11,2.2453,0.05
103,07/03/11,2.2078,0.05
104,08/03/11,2.2434,0.05
105,09/03/11,2.2509,0.05
106,10/03/11,2.2171,0.05
107,11/03/11,2.1834,0.05
108,14/03/11,2.219,0.05
109,15/03/11,2.1215,0.05
110,16/03/11,2.0071,0.05
111,17/03/11,2.0652,0.05
112,18/03/11,2.0652,0.05
113,21/03/11,2.1384,0.05
114,22/03/11,2.1384,0.05
115,23/03/11,2.1309,0.05
116,24/03/11,2.144,0.05
117,25/03/11,2.1384,0.05
118,28/03/11,2.1515,0.05
119,29/03/11,2.054,0.05
120,30/03/11,2.0502,0.05
121,31/03/11,1.9583,0.05
122,01/04/11,1.9789,0.05
123,04/04/11,1.9977,0.05
124,05/04/11,1.9977,0.05
125,06/04/11,2.1046,0.05
126,07/04/11,2.144,0.05
127,08/04/11,2.1196,0.05
128,11/04/11,2.1309,0.05
129,12/04/11,2.1102,0.05
130,13/04/11,2.1102,0.05
131,14/04/11,2.0615,0.05
132,15/04/11,2.0258,0.05
133,18/04/11,1.9414,0.05
134,19/04/11,1.962,0.05
135,20/04/11,1.9545,0.05
136,21/04/11,2.0371,0.05
137,26/04/11,2.0333,0.05
138,27/04/11,2.0877,0.05
139,28/04/11,2.1008,0.05
140,29/04/11,2.1027,0.05
141,02/05/11,2.084,0.05
142,03/05/11,2.0896,0.05
143,04/05/11,2.0314,0.05
144,05/05/11,1.9958,0.05
145,06/05/11,2.0183,0.05
146,09/05/11,1.9733,0.05
147,10/05/11,2.0089,0.05
148,11/05/11,2.0089,0.05
149,12/05/11,1.9733,0.05
150,13/05/11,1.9264,0.05
151,16/05/11,1.9358,0.05
152,17/05/11,1.8889,0.05
153,18/05/11,1.8814,0.05
154,19/05/11,1.8851,0.05
155,20/05/11,1.8176,0.05
156,23/05/11,1.694,0.05
157,24/05/11,1.676,0.05
158,25/05/11,1.761,0.05
159,26/05/11,1.749,0.05
160,27/05/11,1.781,0.05
161,30/05/11,1.761,0.05
162,31/05/11,1.803,0.05
163,01/06/11,1.752,0.05
164,02/06/11,1.748,0.05
165,03/06/11,1.834,0.05
166,06/06/11,1.779,0.05
167,07/06/11,1.813,0.05
168,08/06/11,1.789,0.05
169,09/06/11,1.78,0.05
170,10/06/11,1.761,0.05
171,13/06/11,1.761,0.05
172,14/06/11,1.805,0.05
173,15/06/11,1.716,0.05
174,16/06/11,1.74,0.05
175,17/06/11,1.819,0.05
176,20/06/11,1.804,0.05
177,21/06/11,1.86,0.05
178,22/06/11,1.864,0.05
179,23/06/11,1.783,0.05
180,24/06/11,1.707,0.05
181,27/06/11,1.727,0.05
182,28/06/11,1.762,0.05
183,29/06/11,1.786,0.05
184,30/06/11,1.836,0.05
185,01/07/11,1.913,0.05
186,04/07/11,1.9,0.05
187,05/07/11,1.862,0.05
188,06/07/11,1.779,0.05
189,07/07/11,1.733,0.05
190,08/07/11,1.654,0.05
191,11/07/11,1.526,0.05
192,12/07/11,1.577,0.05
193,13/07/11,1.642,0.05
194,14/07/11,1.607,0.05
195,15/07/11,1.583,0.05
196,18/07/11,1.48,0.05
197,19/07/11,1.544,0.05
198,20/07/11,1.646,0.05
199,21/07/11,1.803,0.05
200,22/07/11,1.752,0.05
201,25/07/11,1.606,0.05
202,26/07/11,1.656,0.05
203,27/07/11,1.571,0.05
204,28/07/11,1.621,0.05
205,29/07/11,1.616,0.05
206,01/08/11,1.489,0.05
207,02/08/11,1.411,0.05
208,03/08/11,1.372,0.05
209,04/08/11,1.23,0.05
210,05/08/11,1.299,0.05
211,08/08/11,1.297,0.05
212,09/08/11,1.312,0.05
213,10/08/11,1.132,0.05
214,11/08/11,1.208,0.05
215,12/08/11,1.247,0.05
216,16/08/11,1.292,0.05
217,17/08/11,1.318,0.05
218,18/08/11,1.196,0.05
219,19/08/11,1.132,0.05
220,22/08/11,1.102,0.05
221,23/08/11,1.095,0.05
222,24/08/11,1.12,0.05
223,25/08/11,1.138,0.05
224,26/08/11,1.123,0.05
225,29/08/11,1.157,0.05
226,30/08/11,1.134,0.05
227,31/08/11,1.134,0.05
228,01/09/11,1.162,0.05
229,02/09/11,1.106,0.05
230,05/09/11,1.029,0.05
231,06/09/11,0.997,0.05
232,07/09/11,1.035,0.05
233,08/09/11,1.044,0.05
234,09/09/11,0.9595,0.05
235,12/09/11,0.868,0.05
236,13/09/11,0.923,0.05
237,14/09/11,0.954,0.05
238,15/09/11,1.052,0.05
239,16/09/11,1.022,0.05
240,19/09/11,0.98,0.05
241,20/09/11,0.997,0.05
242,21/09/11,0.967,0.05
243,22/09/11,0.9525,0.05
244,23/09/11,1.011,0.05
245,26/09/11,1.095,0.05
246,27/09/11,1.158,0.05
247,28/09/11,1.157,0.05
248,29/09/11,1.225,0.05
249,30/09/11,1.19,0.05
250,03/10/11,1.18,0.05
251,04/10/11,1.107,0.05
252,05/10/11,1.17,0.05
253,06/10/11,1.237,0.05
254,07/10/11,1.277,0.05
255,10/10/11,1.35,0.05
256,11/10/11,1.333,0.05
257,12/10/11,1.398,0.05
258,13/10/11,1.284,0.05
259,14/10/11,1.298,0.05
260,17/10/11,1.229,0.05
261,18/10/11,1.244,0.05
262,19/10/11,1.335,0.05
263,20/10/11,1.204,0.05
264,21/10/11,1.281,0.05
265,24/10/11,1.292,0.05
266,25/10/11,1.273,0.05
267,26/10/11,1.278,0.05
268,27/10/11,1.407,0.05
269,28/10/11,1.394,0.05
270,31/10/11,1.291,0.05
271,01/11/11,1.087,0.05
272,02/11/11,1.142,0.05
273,03/11/11,1.184,0.05
274,04/11/11,1.127,0.05
275,07/11/11,1.159,0.05
276,08/11/11,1.2,0.05
277,09/11/11,1.149,0.05
278,10/11/11,1.179,0.05
279,11/11/11,1.283,0.05
280,14/11/11,1.23,0.05
281,15/11/11,1.218,0.05
282,16/11/11,1.226,0.05
283,17/11/11,1.19,0.05
284,18/11/11,1.219,0.05
285,21/11/11,1.15,0.05
286,22/11/11,1.122,0.05
287,23/11/11,1.08,0.05
288,24/11/11,1.096,0.05
289,25/11/11,1.079,0.05
290,28/11/11,1.155,0.05
291,29/11/11,1.157,0.05
292,30/11/11,1.228,0.05
293,01/12/11,1.241,0.05
294,02/12/11,1.298,0.05
295,05/12/11,1.348,0.05
296,06/12/11,1.337,0.05
297,07/12/11,1.3,0.05
298,08/12/11,1.184,0.05
299,09/12/11,1.277,0.05
300,12/12/11,1.203,0.05
301,13/12/11,1.207,0.05
302,14/12/11,1.193,0.05
303,15/12/11,1.258,0.05
304,16/12/11,1.216,0.05
305,19/12/11,1.22,0.05
306,20/12/11,1.291,0.05
307,21/12/11,1.306,0.05
308,22/12/11,1.339,0.05
309,23/12/11,1.31,0.05
310,27/12/11,1.279,0.05
311,28/12/11,1.273,0.05
312,29/12/11,1.292,0.05
313,30/12/11,1.294,0.05
314,02/01/12,1.33,0.05
315,03/01/12,1.334,0.05
316,04/01/12,1.283,0.05
317,05/01/12,1.189,0.05
318,06/01/12,1.137,0.05
319,09/01/12,1.101,0.05
320,10/01/12,1.174,0.05
321,11/01/12,1.192,0.05
322,12/01/12,1.24,0.05
323,13/01/12,1.24,0.05
324,16/01/12,1.256,0.05
325,17/01/12,1.265,0.05
326,18/01/12,1.281,0.05
327,19/01/12,1.36,0.05
328,20/01/12,1.381,0.05
329,23/01/12,1.456,0.05
330,24/01/12,1.453,0.05
331,25/01/12,1.448,0.05
332,26/01/12,1.458,0.05
333,27/01/12,1.448,0.05
334,30/01/12,1.416,0.05
335,31/01/12,1.46,0.05
336,01/02/12,1.541,0.05
337,02/02/12,1.547,0.05
338,03/02/12,1.564,0.05
339,06/02/12,1.527,0.05
340,07/02/12,1.55,0.05
341,08/02/12,1.596,0.05
342,09/02/12,1.577,0.05
343,10/02/12,1.521,0.05
344,13/02/12,1.491,0.05
345,14/02/12,1.483,0.05
346,15/02/12,1.492,0.05
347,16/02/12,1.518,0.05
348,17/02/12,1.541,0.05
349,20/02/12,1.565,0.05
350,21/02/12,1.528,0.05
351,22/02/12,1.481,0.05
352,23/02/12,1.448,0.05
353,24/02/12,1.49,0.05
354,27/02/12,1.484,0.05
355,28/02/12,1.474,0.05
356,29/02/12,1.461,0.05
357,01/03/12,1.526,0.05
358,02/03/12,1.51,0.05
359,05/03/12,1.5,0.05
360,06/03/12,1.426,0.05
361,07/03/12,1.463,0.05
362,08/03/12,1.503,0.05
363,09/03/12,1.459,0.05
364,12/03/12,1.435,0.05
365,13/03/12,1.492,0.05
366,14/03/12,1.498,0.05
367,15/03/12,1.558,0.05
368,16/03/12,1.564,0.05
369,19/03/12,1.551,0.05
370,20/03/12,1.523,0.05
371,21/03/12,1.493,0.05
372,22/03/12,1.46,0.05
373,23/03/12,1.477,0.05
374,26/03/12,1.46,0.05
375,27/03/12,1.435,0.05
376,28/03/12,1.425,0.05
377,29/03/12,1.349,0.05
378,30/03/12,1.344,0.05
379,02/04/12,1.332,0.05
380,03/04/12,1.269,0.05
381,04/04/12,1.247,0.05
382,05/04/12,1.235,0.05
383,10/04/12,1.137,0.05
384,11/04/12,1.199,0.05
385,12/04/12,1.222,0.05
386,13/04/12,1.163,0.05
387,16/04/12,1.153,0.05
388,17/04/12,1.246,0.05
389,18/04/12,1.181,0.05
390,19/04/12,1.143,0.05
391,20/04/12,1.144,0.05
392,23/04/12,1.072,0.05
393,24/04/12,1.115,0.05
394,25/04/12,1.157,0.05
395,26/04/12,1.146,0.05
396,27/04/12,1.166,0.05
397,30/04/12,1.143,0.05
398,02/05/12,1.09,0.05
399,03/05/12,1.056,0.05
400,04/05/12,1.051,0.05
401,07/05/12,1.092,0.05
402,08/05/12,1.053,0.05
403,09/05/12,1.023,0.05
404,10/05/12,1.087,0.05
405,11/05/12,1.071,0.05
406,14/05/12,1.033,0.05
407,15/05/12,0.9765,0.05
408,16/05/12,0.9965,0.05
409,17/05/12,0.991,0.05
410,18/05/12,0.9975,0.05
411,21/05/12,1.024,0.05
412,22/05/12,1.071,0.05
413,23/05/12,1.024,0.05
414,24/05/12,1.025,0.05
415,25/05/12,1.033,0.05
416,28/05/12,1.016,0.05
417,29/05/12,1.01,0.05
418,30/05/12,1.002,0.05
419,31/05/12,1.003,0.05
420,01/06/12,0.9975,0.05
421,04/06/12,1.055,0.05
422,05/06/12,1.069,0.05
423,06/06/12,1.126,0.05
424,07/06/12,1.132,0.05
425,08/06/12,1.098,0.05
426,11/06/12,1.033,0.05
427,12/06/12,0.9945,0.05
428,13/06/12,0.9935,0.05
429,14/06/12,1.022,0.05
430,15/06/12,1.059,0.05
431,18/06/12,0.983,0.05
432,19/06/12,1.03,0.05
433,20/06/12,1.05,0.05
434,21/06/12,1.049,0.05
435,22/06/12,1.037,0.05
436,25/06/12,0.9695,0.05
437,26/06/12,0.962,0.05
438,27/06/12,0.993,0.05
439,28/06/12,1.002,0.05
440,29/06/12,1.118,0.05
441,02/07/12,1.102,0.05
442,03/07/12,1.127,0.05
443,04/07/12,1.092,0.05
444,05/07/12,1.044,0.05
445,06/07/12,1.012,0.05
446,09/07/12,1.03,0.05
447,10/07/12,1.02,0.05
448,11/07/12,1.042,0.05
449,12/07/12,1.024,0.05
450,13/07/12,1.022,0.05
451,16/07/12,1.008,0.05
452,17/07/12,0.977,0.05
453,18/07/12,0.9965,0.05
454,19/07/12,1.003,0.05
455,20/07/12,0.9375,0.05
456,23/07/12,0.921,0.05
457,24/07/12,0.879,0.05
458,25/07/12,0.8915,0.05
459,26/07/12,0.97,0.05
460,27/07/12,0.9905,0.05
461,30/07/12,1.056,0.05
462,31/07/12,1.033,0.05
463,01/08/12,1.038,0.05
464,02/08/12,0.938,0.05
465,03/08/12,1.056,0.05
466,06/08/12,1.096,0.05
467,07/08/12,1.116,0.05
468,08/08/12,1.125,0.05
469,09/08/12,1.121,0.05
470,10/08/12,1.093,0.05
471,13/08/12,1.102,0.05
472,14/08/12,1.111,0.05
473,16/08/12,1.162,0.05
474,17/08/12,1.174,0.05
475,20/08/12,1.179,0.05
476,21/08/12,1.239,0.05
477,22/08/12,1.247,0.05
478,23/08/12,1.207,0.05
479,24/08/12,1.19,0.05
480,27/08/12,1.226,0.05
481,28/08/12,1.221,0.05
482,29/08/12,1.212,0.05
483,30/08/12,1.201,0.05
484,31/08/12,1.25,0.05
485,03/09/12,1.261,0.05
486,04/09/12,1.256,0.05
487,05/09/12,1.261,0.05
488,06/09/12,1.336,0.05
489,07/09/12,1.356,0.05
490,10/09/12,1.345,0.05
491,11/09/12,1.358,0.05
492,12/09/12,1.365,0.05
493,13/09/12,1.333,0.05
494,14/09/12,1.353,0.05
495,17/09/12,1.344,0.05
496,18/09/12,1.265,0.05
497,19/09/12,1.268,0.05
498,20/09/12,1.225,0.05
499,21/09/12,1.256,0.05
500,24/09/12,1.248,0.05
501,25/09/12,1.281,0.05
502,26/09/12,1.221,0.05
503,27/09/12,1.221,0.05
504,28/09/12,1.183,0.05
505,01/10/12,1.235,0.05
506,02/10/12,1.234,0.05
507,03/10/12,1.244,0.05
508,04/10/12,1.257,0.05
509,05/10/12,1.298,0.05
510,08/10/12,1.256,0.05
511,09/10/12,1.246,0.05
512,10/10/12,1.235,0.05
513,11/10/12,1.278,0.05
514,12/10/12,1.267,0.05
515,15/10/12,1.268,0.05
516,16/10/12,1.323,0.05
517,17/10/12,1.36,0.05
518,18/10/12,1.35,0.05
519,19/10/12,1.307,0.05
520,22/10/12,1.31,0.05
521,23/10/12,1.282,0.05
522,24/10/12,1.293,0.05
523,25/10/12,1.267,0.05
524,26/10/12,1.272,0.05
525,29/10/12,1.238,0.05
526,30/10/12,1.25,0.05
527,31/10/12,1.239,0.05
528,01/11/12,1.273,0.05
529,02/11/12,1.265,0.05
530,05/11/12,1.238,0.05
531,06/11/12,1.254,0.05
532,07/11/12,1.212,0.05
533,08/11/12,1.218,0.05
534,09/11/12,1.21,0.05
535,12/11/12,1.194,0.05
536,13/11/12,1.256,0.05
537,14/11/12,1.234,0.05
538,15/11/12,1.224,0.05
539,16/11/12,1.185,0.05
540,19/11/12,1.233,0.05
541,20/11/12,1.22,0.05
542,21/11/12,1.249,0.05
543,22/11/12,1.259,0.05
544,23/11/12,1.272,0.05
545,26/11/12,1.258,0.05
546,27/11/12,1.258,0.05
547,28/11/12,1.247,0.05
548,29/11/12,1.299,0.05
549,30/11/12,1.294,0.05
550,03/12/12,1.306,0.05
551,04/12/12,1.326,0.05
552,05/12/12,1.312,0.05
553,06/12/12,1.294,0.05
554,07/12/12,1.282,0.05
555,10/12/12,1.216,0.05
556,11/12/12,1.234,0.05
557,12/12/12,1.26,0.05
558,13/12/12,1.274,0.05
559,14/12/12,1.276,0.05
560,17/12/12,1.284,0.05
561,18/12/12,1.308,0.05
562,19/12/12,1.312,0.05
563,20/12/12,1.312,0.05
564,21/12/12,1.295,0.05
565,27/12/12,1.313,0.05
566,28/12/12,1.3,0.05
567,02/01/13,1.375,0.05
568,03/01/13,1.372,0.05
569,04/01/13,1.382,0.05
570,07/01/13,1.404,0.05
571,08/01/13,1.403,0.05
572,09/01/13,1.438,0.05
573,10/01/13,1.48,0.05
574,11/01/13,1.491,0.05
575,14/01/13,1.473,0.05
576,15/01/13,1.496,0.05
577,16/01/13,1.465,0.05
578,17/01/13,1.49,0.05
579,18/01/13,1.507,0.05
580,21/01/13,1.506,0.05
581,22/01/13,1.502,0.05
582,23/01/13,1.463,0.05
583,24/01/13,1.499,0.05
584,25/01/13,1.486,0.05
585,28/01/13,1.525,0.05
586,29/01/13,1.524,0.05
587,30/01/13,1.499,0.05
588,31/01/13,1.502,0.05
589,01/02/13,1.458,0.05
590,04/02/13,1.38,0.05
591,05/02/13,1.409,0.05
592,06/02/13,1.386,0.05
593,07/02/13,1.367,0.05
594,08/02/13,1.399,0.05
595,11/02/13,1.378,0.05
596,12/02/13,1.41,0.05
597,13/02/13,1.407,0.05
598,14/02/13,1.384,0.05
599,15/02/13,1.374,0.05
600,18/02/13,1.364,0.05
601,19/02/13,1.393,0.05
602,20/02/13,1.376,0.05
603,21/02/13,1.32,0.05
604,22/02/13,1.345,0.05
605,25/02/13,1.356,0.05
606,26/02/13,1.233,0.05
607,27/02/13,1.256,0.05
608,28/02/13,1.243,0.05
609,01/03/13,1.241,0.05
610,04/03/13,1.201,0.05
611,05/03/13,1.255,0.05
612,06/03/13,1.262,0.05
613,07/03/13,1.243,0.05
614,08/03/13,1.264,0.05
615,11/03/13,1.255,0.05
616,12/03/13,1.26,0.05
617,13/03/13,1.231,0.05
618,14/03/13,1.252,0.05
619,15/03/13,1.231,0.05
620,18/03/13,1.2,0.05
621,19/03/13,1.166,0.05
622,20/03/13,1.206,0.05
623,21/03/13,1.213,0.05
624,22/03/13,1.223,0.05
625,25/03/13,1.147,0.05
626,26/03/13,1.124,0.05
627,27/03/13,1.134,0.05
628,28/03/13,1.142,0.05
629,02/04/13,1.165,0.05
630,03/04/13,1.133,0.05
631,04/04/13,1.126,0.05
632,05/04/13,1.15,0.05
633,08/04/13,1.166,0.05
634,09/04/13,1.208,0.05
635,10/04/13,1.262,0.05
636,11/04/13,1.264,0.05
637,12/04/13,1.241,0.05
638,15/04/13,1.251,0.05
639,16/04/13,1.241,0.05
640,17/04/13,1.25,0.05
641,18/04/13,1.258,0.05
642,19/04/13,1.294,0.05
643,22/04/13,1.317,0.05
644,23/04/13,1.359,0.05
645,24/04/13,1.358,0.05
646,25/04/13,1.358,0.05
647,26/04/13,1.358,0.05
648,29/04/13,1.394,0.05
649,30/04/13,1.377,0.05
650,02/05/13,1.374,0.05
651,03/05/13,1.386,0.05
652,06/05/13,1.376,0.05
653,07/05/13,1.399,0.05
654,08/05/13,1.394,0.05
655,09/05/13,1.37,0.05
656,10/05/13,1.403,0.05
657,13/05/13,1.386,0.05
658,14/05/13,1.412,0.05
659,15/05/13,1.46,0.05
660,16/05/13,1.47,0.05
661,17/05/13,1.477,0.05
662,20/05/13,1.457,0.05
663,21/05/13,1.424,0.05
664,22/05/13,1.461,0.05
665,23/05/13,1.398,0.05
666,24/05/13,1.383,0.05
667,27/05/13,1.405,0.05
668,28/05/13,1.459,0.05
669,29/05/13,1.428,0.05
670,30/05/13,1.456,0.05
671,31/05/13,1.459,0.05
672,03/06/13,1.43,0.05
673,04/06/13,1.449,0.05
674,05/06/13,1.425,0.05
675,06/06/13,1.361,0.05
676,07/06/13,1.402,0.05
677,10/06/13,1.361,0.05
678,11/06/13,1.322,0.05
679,12/06/13,1.291,0.05
680,13/06/13,1.324,0.05
681,14/06/13,1.336,0.05
682,17/06/13,1.349,0.05
683,18/06/13,1.35,0.05
684,19/06/13,1.325,0.05
685,20/06/13,1.264,0.05
686,21/06/13,1.217,0.05
687,24/06/13,1.232,0.05
688,25/06/13,1.226,0.05
689,26/06/13,1.269,0.05
690,27/06/13,1.258,0.05
691,28/06/13,1.231,0.05
692,01/07/13,1.24,0.05
693,02/07/13,1.223,0.05
694,03/07/13,1.229,0.05
695,04/07/13,1.3,0.05
696,05/07/13,1.271,0.05
697,08/07/13,1.3,0.05
698,09/07/13,1.31,0.05
699,10/07/13,1.283,0.05
700,11/07/13,1.288,0.05
701,12/07/13,1.259,0.05
702,15/07/13,1.278,0.05
703,16/07/13,1.263,0.05
704,17/07/13,1.273,0.05
705,18/07/13,1.32,0.05
706,19/07/13,1.347,0.05
707,22/07/13,1.37,0.05
708,23/07/13,1.383,0.05
709,24/07/13,1.405,0.05
710,25/07/13,1.406,0.05
711,26/07/13,1.398,0.05
712,29/07/13,1.394,0.05
713,30/07/13,1.433,0.05
714,31/07/13,1.426,0.05
715,01/08/13,1.459,0.05
716,02/08/13,1.43,0.05
717,05/08/13,1.414,0.05
718,06/08/13,1.404,0.05
719,07/08/13,1.432,0.05
720,08/08/13,1.48,0.05
721,09/08/13,1.494,0.05
722,12/08/13,1.489,0.05
723,13/08/13,1.491,0.05
724,14/08/13,1.5,0.05
725,16/08/13,1.596,0.05
726,19/08/13,1.53,0.05
727,20/08/13,1.52,0.05
728,21/08/13,1.514,0.05
729,22/08/13,1.568,0.05
730,23/08/13,1.563,0.05
731,26/08/13,1.511,0.05
732,27/08/13,1.445,0.05
733,28/08/13,1.46,0.05
734,29/08/13,1.498,0.05
735,30/08/13,1.485,0.05
736,02/09/13,1.536,0.05
737,03/09/13,1.531,0.05
738,04/09/13,1.508,0.05
739,05/09/13,1.515,0.05
740,06/09/13,1.536,0.05
741,09/09/13,1.569,0.05
742,10/09/13,1.607,0.05
743,11/09/13,1.635,0.05
744,12/09/13,1.621,0.05
745,13/09/13,1.614,0.05
746,16/09/13,1.63,0.05
747,17/09/13,1.623,0.05
748,18/09/13,1.645,0.05
749,19/09/13,1.705,0.05
750,20/09/13,1.689,0.05
751,23/09/13,1.69,0.05
752,24/09/13,1.697,0.05
753,25/09/13,1.668,0.05
754,26/09/13,1.605,0.05
755,27/09/13,1.581,0.05
756,30/09/13,1.525,0.05
757,01/10/13,1.612,0.05
758,02/10/13,1.688,0.05
759,03/10/13,1.674,0.05
760,04/10/13,1.687,0.05
761,07/10/13,1.713,0.05
762,08/10/13,1.703,0.05
763,09/10/13,1.744,0.05
764,10/10/13,1.782,0.05
765,11/10/13,1.777,0.05
766,14/10/13,1.769,0.05
767,15/10/13,1.766,0.05
768,16/10/13,1.825,0.05
769,17/10/13,1.816,0.05
770,18/10/13,1.815,0.05
771,21/10/13,1.823,0.05
772,22/10/13,1.841,0.05
773,23/10/13,1.793,0.05
774,24/10/13,1.82,0.05
775,25/10/13,1.8,0.05
776,28/10/13,1.758,0.05
777,29/10/13,1.82,0.05
778,30/10/13,1.806,0.05
779,31/10/13,1.831,0.05
780,01/11/13,1.83,0.05
781,04/11/13,1.832,0.05
782,05/11/13,1.79,0.05
783,06/11/13,1.795,0.05
784,07/11/13,1.744,0.05
785,08/11/13,1.759,0.05
786,11/11/13,1.79,0.05
787,12/11/13,1.771,0.05
788,13/11/13,1.73,0.05
789,14/11/13,1.737,0.05
790,15/11/13,1.699,0.05
791,18/11/13,1.751,0.05
792,19/11/13,1.725,0.05
793,20/11/13,1.698,0.05
794,21/11/13,1.737,0.05
795,22/11/13,1.726,0.05
796,25/11/13,1.726,0.05
797,26/11/13,1.744,0.05
798,27/11/13,1.754,0.05
799,28/11/13,1.79,0.05
800,29/11/13,1.78,0.05
801,02/12/13,1.766,0.05
802,03/12/13,1.722,0.05
803,04/12/13,1.723,0.05
804,05/12/13,1.664,0.05
805,06/12/13,1.692,0.05
806,09/12/13,1.7,0.05
807,10/12/13,1.7,0.05
808,11/12/13,1.677,0.05
809,12/12/13,1.657,0.05
810,13/12/13,1.654,0.05
811,16/12/13,1.723,0.05
812,17/12/13,1.679,0.05
813,18/12/13,1.701,0.05
814,19/12/13,1.744,0.05
815,20/12/13,1.776,0.05
816,23/12/13,1.78,0.05
817,27/12/13,1.798,0.05
818,30/12/13,1.794,0.05
819,02/01/14,1.783,0.05
820,03/01/14,1.809,0.05
821,06/01/14,1.828,0.05
822,07/01/14,1.888,0.05
823,08/01/14,1.929,0.05
824,09/01/14,1.944,0.05
825,10/01/14,1.911,0.05
826,13/01/14,1.932,0.05
827,14/01/14,1.95,0.05
828,15/01/14,2.014,0.05
829,16/01/14,1.946,0.05
830,17/01/14,1.958,0.05
831,20/01/14,1.948,0.05
832,21/01/14,1.954,0.05
833,22/01/14,1.977,0.05
834,23/01/14,1.961,0.05
835,24/01/14,1.931,0.05
836,27/01/14,1.946,0.05
837,28/01/14,1.968,0.05
838,29/01/14,1.952,0.05
839,30/01/14,1.958,0.05
840,31/01/14,2.01,0.05
841,03/02/14,1.952,0.05
842,04/02/14,1.997,0.05
843,05/02/14,2.034,0.05
844,06/02/14,2.094,0.05
845,07/02/14,2.096,0.05
846,10/02/14,2.082,0.05
847,11/02/14,2.14,0.05
848,12/02/14,2.15,0.05
849,13/02/14,2.132,0.05
850,14/02/14,2.16,0.05
851,17/02/14,2.19,0.05
852,18/02/14,2.218,0.05
853,19/02/14,2.234,0.05
854,20/02/14,2.234,0.05
855,21/02/14,2.194,0.05
856,24/02/14,2.234,0.05
857,25/02/14,2.236,0.05
858,26/02/14,2.216,0.05
859,27/02/14,2.216,0.05
860,28/02/14,2.246,0.05
861,03/03/14,2.156,0.05
862,04/03/14,2.232,0.05
863,05/03/14,2.288,0.05
864,06/03/14,2.32,0.05
865,07/03/14,2.276,0.05
866,10/03/14,2.284,0.05
867,11/03/14,2.25,0.05
868,12/03/14,2.256,0.05
869,13/03/14,2.214,0.05
870,14/03/14,2.152,0.05
871,17/03/14,2.17,0.05
872,18/03/14,2.24,0.05
873,19/03/14,2.262,0.05
874,20/03/14,2.29,0.05
875,21/03/14,2.304,0.05
876,24/03/14,2.246,0.05
877,25/03/14,2.26,0.05
878,26/03/14,2.294,0.05
879,27/03/14,2.32,0.05
880,28/03/14,2.402,0.05
881,31/03/14,2.46,0.05
882,01/04/14,2.532,0.05
883,02/04/14,2.472,0.05
884,03/04/14,2.552,0.05
885,04/04/14,2.588,0.05
886,07/04/14,2.554,0.05
887,08/04/14,2.506,0.05
888,09/04/14,2.494,0.05
889,10/04/14,2.456,0.05
890,11/04/14,2.392,0.05
891,14/04/14,2.396,0.05
892,15/04/14,2.3,0.05
893,16/04/14,2.404,0.05
894,17/04/14,2.428,0.05
895,22/04/14,2.478,0.05
896,23/04/14,2.446,0.05
897,24/04/14,2.462,0.05
898,25/04/14,2.404,0.05
899,28/04/14,2.416,0.05
900,29/04/14,2.48,0.05
901,30/04/14,2.46,0.05
902,02/05/14,2.46,0.05
903,05/05/14,2.46,0.05
904,06/05/14,2.448,0.05
905,07/05/14,2.346,0.05
906,08/05/14,2.454,0.05
907,09/05/14,2.396,0.05
908,12/05/14,2.384,0.05
909,13/05/14,2.354,0.05
910,14/05/14,2.346,0.05
911,15/05/14,2.2,0.05
912,16/05/14,2.266,0.05
913,19/05/14,2.214,0.05
914,20/05/14,2.28,0.05
915,21/05/14,2.3,0.05
916,22/05/14,2.268,0.05
917,23/05/14,2.316,0.05
918,26/05/14,2.414,0.05
919,27/05/14,2.39,0.05
920,28/05/14,2.436,0.05
921,29/05/14,2.436,0.05
922,30/05/14,2.458,0.05
923,02/06/14,2.484,0.05
924,03/06/14,2.45,0.05
925,04/06/14,2.452,0.05
926,05/06/14,2.51,0.05
927,06/06/14,2.612,0.05
928,09/06/14,2.612,0.05
929,10/06/14,2.604,0.05
930,11/06/14,2.558,0.05
931,12/06/14,2.506,0.05
932,13/06/14,2.496,0.05
933,16/06/14,2.458,0.05
934,17/06/14,2.44,0.05
935,18/06/14,2.44,0.05
936,19/06/14,2.424,0.05
937,20/06/14,2.372,0.05
938,23/06/14,2.336,0.05
939,24/06/14,2.294,0.05
940,25/06/14,2.292,0.05
941,26/06/14,2.29,0.05
942,27/06/14,2.278,0.05
943,30/06/14,2.256,0.05
944,01/07/14,2.322,0.05
945,02/07/14,2.332,0.05
946,03/07/14,2.346,0.05
947,04/07/14,2.274,0.05
948,07/07/14,2.232,0.05
949,08/07/14,2.14,0.05
950,09/07/14,2.202,0.05
951,10/07/14,2.178,0.05
952,11/07/14,2.198,0.05
953,14/07/14,2.238,0.05
954,15/07/14,2.202,0.05
955,16/07/14,2.296,0.05
956,17/07/14,2.23,0.05
957,18/07/14,2.244,0.05
958,21/07/14,2.202,0.05
959,22/07/14,2.244,0.05
960,23/07/14,2.264,0.05
961,24/07/14,2.344,0.05
962,25/07/14,2.304,0.05
963,28/07/14,2.286,0.05
964,29/07/14,2.3,0.05
965,30/07/14,2.288,0.05
966,31/07/14,2.23,0.05
967,01/08/14,2.258,0.05
968,04/08/14,2.29,0.05
969,05/08/14,2.236,0.05
970,06/08/14,2.164,0.05
971,07/08/14,2.106,0.05
972,08/08/14,2.128,0.05
973,11/08/14,2.15,0.05
974,12/08/14,2.12,0.05
975,13/08/14,2.142,0.05
976,14/08/14,2.116,0.05
977,18/08/14,2.156,0.05
978,19/08/14,2.162,0.05
979,20/08/14,2.158,0.05
980,21/08/14,2.23,0.05
981,22/08/14,2.228,0.05
982,25/08/14,2.288,0.05
983,26/08/14,2.326,0.05
984,27/08/14,2.332,0.05
985,28/08/14,2.262,0.05
986,29/08/14,2.264,0.05
987,01/09/14,2.246,0.05
988,02/09/14,2.264,0.05
989,03/09/14,2.33,0.05
990,04/09/14,2.46,0.05
991,05/09/14,2.458,0.05
992,08/09/14,2.46,0.05
993,09/09/14,2.438,0.05
994,10/09/14,2.442,0.05
995,11/09/14,2.446,0.05
996,12/09/14,2.422,0.05
997,15/09/14,2.426,0.05
998,16/09/14,2.408,0.05
999,17/09/14,2.46,0.05
1000,18/09/14,2.466,0.05
1001,19/09/14,2.418,0.05
1002,22/09/14,2.41,0.05
1003,23/09/14,2.366,0.05
1004,24/09/14,2.41,0.05
1005,25/09/14,2.364,0.05
1006,26/09/14,2.428,0.05
1007,29/09/14,2.38,0.05
1008,30/09/14,2.406,0.05
1009,01/10/14,2.398,0.05
1010,02/10/14,2.266,0.05
1011,03/10/14,2.332,0.05
1012,06/10/14,2.332,0.05
1013,07/10/14,2.284,0.05
1014,08/10/14,2.276,0.05
1015,09/10/14,2.21,0.05
1016,10/10/14,2.206,0.05
1017,13/10/14,2.226,0.05
1018,14/10/14,2.256,0.05
1019,15/10/14,2.124,0.05
1020,16/10/14,2.1,0.05
1021,17/10/14,2.192,0.05
1022,20/10/14,2.174,0.05
1023,21/10/14,2.274,0.05
1024,22/10/14,2.304,0.05
1025,23/10/14,2.32,0.05
1026,24/10/14,2.356,0.05
1027,27/10/14,2.282,0.05
1028,28/10/14,2.336,0.05
1029,29/10/14,2.248,0.05
1030,30/10/14,2.25,0.05
1031,31/10/14,2.338,0.05
1032,03/11/14,2.28,0.05
1033,04/11/14,2.198,0.05
1034,05/11/14,2.256,0.05
1035,06/11/14,2.244,0.05
1036,07/11/14,2.21,0.05
1037,10/11/14,2.244,0.05
1038,11/11/14,2.24,0.05
1039,12/11/14,2.158,0.05
1040,13/11/14,2.176,0.05
1041,14/11/14,2.21,0.05
1042,17/11/14,2.248,0.05
1043,18/11/14,2.262,0.05
1044,19/11/14,2.29,0.05
1045,20/11/14,2.254,0.05
1046,21/11/14,2.364,0.05
1047,24/11/14,2.388,0.05
1048,25/11/14,2.43,0.05
1049,26/11/14,2.406,0.05
1050,27/11/14,2.454,0.05
1051,28/11/14,2.478,0.05
1052,01/12/14,2.4,0.05
1053,02/12/14,2.406,0.05
1054,03/12/14,2.44,0.05
1055,04/12/14,2.356,0.05
1056,05/12/14,2.522,0.05
1057,08/12/14,2.554,0.05
1058,09/12/14,2.502,0.05
1059,10/12/14,2.488,0.05
1060,11/12/14,2.5,0.05
1061,12/12/14,2.446,0.05
1062,15/12/14,2.34,0.05
1063,16/12/14,2.446,0.05
1064,17/12/14,2.416,0.05
1065,18/12/14,2.498,0.05
1066,19/12/14,2.436,0.05
1067,22/12/14,2.48,0.05
1068,23/12/14,2.496,0.05
1069,29/12/14,2.438,0.05
1070,30/12/14,2.422,0.05
1071,02/01/15,2.454,0.05
1072,05/01/15,2.308,0.05
1073,06/01/15,2.276,0.05
1074,07/01/15,2.248,0.05
1075,08/01/15,2.372,0.05
1076,09/01/15,2.276,0.05
1077,12/01/15,2.326,0.05
1078,13/01/15,2.396,0.05
1079,14/01/15,2.392,0.05
1080,15/01/15,2.462,0.05
1081,16/01/15,2.498,0.05
1082,19/01/15,2.53,0.05
1083,20/01/15,2.564,0.05
1084,21/01/15,2.554,0.05
1085,22/01/15,2.608,0.05
1086,23/01/15,2.614,0.05
1087,26/01/15,2.63,0.05
1088,27/01/15,2.622,0.05
1089,28/01/15,2.59,0.05
1090,29/01/15,2.622,0.05
1091,30/01/15,2.598,0.05
1092,02/02/15,2.564,0.05
1093,03/02/15,2.64,0.05
1094,04/02/15,2.616,0.05
1095,05/02/15,2.574,0.05
1096,06/02/15,2.574,0.05
1097,09/02/15,2.49,0.05
1098,10/02/15,2.59,0.05
1099,11/02/15,2.6,0.05
1100,12/02/15,2.732,0.05
1101,13/02/15,2.818,0.05
1102,16/02/15,2.792,0.05
1103,17/02/15,2.84,0.05
1104,18/02/15,2.888,0.05
1105,19/02/15,2.89,0.05
1106,20/02/15,2.904,0.05
1107,23/02/15,2.918,0.05
1108,24/02/15,2.922,0.05
1109,25/02/15,2.878,0.05
1110,26/02/15,2.946,0.05
1111,27/02/15,2.984,0.05
1112,02/03/15,2.946,0.05
1113,03/03/15,2.894,0.05
1114,04/03/15,2.89,0.05
1115,05/03/15,2.95,0.05
1116,06/03/15,2.96,0.05
1117,09/03/15,2.986,0.05
1118,10/03/15,2.974,0.05
1119,11/03/15,3.018,0.05
1120,12/03/15,3.04,0.05
1121,13/03/15,3.048,0.05
1122,16/03/15,3.142,0.05
1123,17/03/15,3.104,0.05
1124,18/03/15,3.024,0.05
1125,19/03/15,3.034,0.05
1126,20/03/15,3.126,0.05
1127,23/03/15,3.094,0.05
1128,24/03/15,3.2,0.05
1129,25/03/15,3.168,0.05
1130,26/03/15,3.13,0.05
1131,27/03/15,3.14,0.05
1132,30/03/15,3.206,0.05
1133,31/03/15,3.166,0.05
1134,01/04/15,3.202,0.05
1135,02/04/15,3.182,0.05
1136,07/04/15,3.224,0.05
1137,08/04/15,3.194,0.05
1138,09/04/15,3.198,0.05
1139,10/04/15,3.184,0.05
1140,13/04/15,3.196,0.05
1141,14/04/15,3.114,0.05
1142,15/04/15,3.17,0.05
1143,16/04/15,3.098,0.05
1144,17/04/15,2.984,0.05
1145,20/04/15,3.058,0.05
1146,21/04/15,3.032,0.05
1147,22/04/15,3.072,0.05
1148,23/04/15,3.044,0.05
1149,24/04/15,3.076,0.05
1150,27/04/15,3.156,0.05
1151,28/04/15,3.088,0.05
1152,29/04/15,2.998,0.05
1153,30/04/15,3.016,0.05
1154,04/05/15,3.05,0.05
1155,05/05/15,2.952,0.05
1156,06/05/15,3.01,0.05
1157,07/05/15,3.074,0.05
1158,08/05/15,3.146,0.05
1159,11/05/15,3.206,0.05
1160,12/05/15,3.202,0.05
1161,13/05/15,3.272,0.05
1162,14/05/15,3.29,0.05
1163,15/05/15,3.324,0.05
1164,18/05/15,3.244,0.05
1165,19/05/15,3.342,0.05
1166,20/05/15,3.35,0.05
1167,21/05/15,3.34,0.05
1168,22/05/15,3.35,0.05
1169,25/05/15,3.28,0.05
1170,26/05/15,3.258,0.05
1171,27/05/15,3.368,0.05
1172,28/05/15,3.352,0.05
1173,29/05/15,3.282,0.05
1174,01/06/15,3.28,0.05
1175,02/06/15,3.306,0.05
1176,03/06/15,3.324,0.05
1177,04/06/15,3.3,0.05
1178,05/06/15,3.212,0.05
1179,08/06/15,3.176,0.05
1180,09/06/15,3.156,0.05
1181,10/06/15,3.27,0.05
1182,11/06/15,3.288,0.05
1183,12/06/15,3.254,0.05
1184,15/06/15,3.15,0.05
1185,16/06/15,3.154,0.05
1186,17/06/15,3.126,0.05
1187,18/06/15,3.18,0.05
1188,19/06/15,3.222,0.05
1189,22/06/15,3.386,0.05
1190,23/06/15,3.416,0.05
1191,24/06/15,3.388,0.05
1192,25/06/15,3.452,0.05
1193,26/06/15,3.478,0.05
1194,29/06/15,3.266,0.05
1195,30/06/15,3.252,0.05
1196,01/07/15,3.344,0.05
1197,02/07/15,3.258,0.05
1198,03/07/15,3.244,0.05
1199,06/07/15,3.05,0.05
1200,07/07/15,2.962,0.05
1201,08/07/15,3.068,0.05
1202,09/07/15,3.21,0.05
1203,10/07/15,3.352,0.05
1204,13/07/15,3.416,0.05
1205,14/07/15,3.412,0.05
1206,15/07/15,3.462,0.05
1207,16/07/15,3.536,0.05
1208,17/07/15,3.558,0.05
1209,20/07/15,3.596,0.05
1210,21/07/15,3.514,0.05
1211,22/07/15,3.51,0.05
1212,23/07/15,3.51,0.05
1213,24/07/15,3.526,0.05
1214,27/07/15,3.36,0.05
1215,28/07/15,3.446,0.05
1216,29/07/15,3.438,0.05
1217,30/07/15,3.458,0.05
1218,31/07/15,3.502,0.05
1219,03/08/15,3.53,0.05
1220,04/08/15,3.438,0.05
1221,05/08/15,3.456,0.05
1222,06/08/15,3.478,0.05
1223,07/08/15,3.436,0.05
1224,10/08/15,3.486,0.05
1225,11/08/15,3.466,0.05
1226,12/08/15,3.358,0.05
1227,13/08/15,3.416,0.05
1228,14/08/15,3.388,0.05
1229,17/08/15,3.428,0.05
1230,18/08/15,3.46,0.05
1231,19/08/15,3.402,0.05
1232,20/08/15,3.28,0.05
1233,21/08/15,3.162,0.05
1234,24/08/15,2.968,0.05
1235,25/08/15,3.212,0.05
1236,26/08/15,3.23,0.05
1237,27/08/15,3.31,0.05
1238,28/08/15,3.244,0.05
1239,31/08/15,3.254,0.05
1240,01/09/15,3.158,0.05
1241,02/09/15,3.236,0.05
1242,03/09/15,3.294,0.05
1243,04/09/15,3.14,0.05
1244,07/09/15,3.14,0.05
1245,08/09/15,3.208,0.05
1246,09/09/15,3.21,0.05
1247,10/09/15,3.204,0.05
1248,11/09/15,3.162,0.05
1249,14/09/15,3.106,0.05
1250,15/09/15,3.172,0.05
1251,16/09/15,3.172,0.05
1252,17/09/15,3.2,0.05
1253,18/09/15,3.08,0.05
1254,21/09/15,3.16,0.05
1255,22/09/15,3.074,0.05
1256,23/09/15,3.06,0.05
1257,24/09/15,3.02,0.05
1258,25/09/15,3.13,0.05
1259,28/09/15,3.066,0.05
1260,29/09/15,3.066,0.05
1261,30/09/15,3.156,0.05
1262,01/10/15,3.12,0.05
1263,02/10/15,3.148,0.05
1264,05/10/15,3.228,0.05
1265,06/10/15,3.264,0.05
1266,07/10/15,3.17,0.05
1267,08/10/15,3.184,0.05
1268,09/10/15,3.186,0.05
1269,12/10/15,3.174,0.05
1270,13/10/15,3.182,0.05
1271,14/10/15,3.162,0.05
1272,15/10/15,3.208,0.05
1273,16/10/15,3.256,0.05
1274,19/10/15,3.28,0.05
1275,20/10/15,3.262,0.05
1276,21/10/15,3.222,0.05
1277,22/10/15,3.24,0.05
1278,23/10/15,3.216,0.05
1279,26/10/15,3.21,0.05
1280,27/10/15,3.22,0.05
1281,28/10/15,3.272,0.05
1282,29/10/15,3.218,0.05
1283,30/10/15,3.168,0.05
1284,02/11/15,3.18,0.05
1285,03/11/15,3.144,0.05
1286,04/11/15,3.076,0.05
1287,05/11/15,3.092,0.05
1288,06/11/15,3.176,0.05
1289,09/11/15,3.118,0.05
1290,10/11/15,3.168,0.05
1291,11/11/15,3.162,0.05
1292,12/11/15,3.122,0.05
1293,13/11/15,3.124,0.05
1294,16/11/15,3.13,0.05
1295,17/11/15,3.17,0.05
1296,18/11/15,3.12,0.05
1297,19/11/15,3.154,0.05
1298,20/11/15,3.114,0.05
1299,23/11/15,3.148,0.05
1300,24/11/15,3.108,0.05
1301,25/11/15,3.18,0.05
1302,26/11/15,3.196,0.05
1303,27/11/15,3.214,0.05
1304,30/11/15,3.248,0.05
1305,01/12/15,3.24,0.05
1306,02/12/15,3.226,0.05
1307,03/12/15,3.132,0.05
1308,04/12/15,3.166,0.05
1309,07/12/15,3.17,0.05
1310,08/12/15,3.11,0.05
1311,09/12/15,3.09,0.05
1312,10/12/15,3.064,0.05
1313,11/12/15,3.018,0.05
1314,14/12/15,2.962,0.05
1315,15/12/15,3.096,0.05
1316,16/12/15,3.074,0.05
1317,17/12/15,3.12,0.05
1318,18/12/15,3.088,0.05
1319,21/12/15,3.1,0.05
1320,22/12/15,3.1,0.05
1321,23/12/15,3.09,0.05
1322,28/12/15,3.074,0.05
1323,29/12/15,3.132,0.05
1324,30/12/15,3.088,0.05
1325,04/01/16,2.982,0.05
1326,05/01/16,3.04,0.05
1327,06/01/16,2.958,0.05
1328,07/01/16,2.908,0.05
1329,08/01/16,2.898,0.05
1330,11/01/16,2.858,0.05
1331,12/01/16,2.916,0.05
1332,13/01/16,2.97,0.05
1333,14/01/16,2.894,0.05
1334,15/01/16,2.802,0.05
1335,18/01/16,2.662,0.05
1336,19/01/16,2.69,0.05
1337,20/01/16,2.542,0.05
1338,21/01/16,2.666,0.05
1339,22/01/16,2.714,0.05
1340,25/01/16,2.638,0.05
1341,26/01/16,2.674,0.05
1342,27/01/16,2.648,0.05
1343,28/01/16,2.514,0.05
1344,29/01/16,2.618,0.05
1345,01/02/16,2.562,0.05
1346,02/02/16,2.474,0.05
1347,03/02/16,2.344,0.05
1348,04/02/16,2.48,0.05
1349,05/02/16,2.384,0.05
1350,08/02/16,2.288,0.05
1351,09/02/16,2.146,0.05
1352,10/02/16,2.456,0.05
1353,11/02/16,2.288,0.05
1354,12/02/16,2.396,0.05
1355,15/02/16,2.48,0.05
1356,16/02/16,2.44,0.05
1357,17/02/16,2.498,0.05
1358,18/02/16,2.376,0.05
1359,19/02/16,2.328,0.05
1360,22/02/16,2.404,0.05
1361,23/02/16,2.34,0.05
1362,24/02/16,2.26,0.05
1363,25/02/16,2.3,0.05
1364,26/02/16,2.338,0.05
1365,29/02/16,2.342,0.05
1366,01/03/16,2.386,0.05
1367,02/03/16,2.476,0.05
1368,03/03/16,2.576,0.05
1369,04/03/16,2.524,0.05
1370,07/03/16,2.464,0.05
1371,08/03/16,2.486,0.05
1372,09/03/16,2.516,0.05
1373,10/03/16,2.544,0.05
1374,11/03/16,2.734,0.05
1375,14/03/16,2.678,0.05
1376,15/03/16,2.65,0.05
1377,16/03/16,2.592,0.05
1378,17/03/16,2.52,0.05
1379,18/03/16,2.492,0.05
1380,21/03/16,2.518,0.05
1381,22/03/16,2.516,0.05
1382,23/03/16,2.45,0.05
1383,24/03/16,2.408,0.05
1384,29/03/16,2.434,0.05
1385,30/03/16,2.418,0.05
1386,31/03/16,2.434,0.05
1387,01/04/16,2.372,0.05
1388,04/04/16,2.312,0.05
1389,05/04/16,2.212,0.05
1390,06/04/16,2.238,0.05
1391,07/04/16,2.164,0.05
1392,08/04/16,2.294,0.05
1393,11/04/16,2.334,0.05
1394,12/04/16,2.238,0.05
1395,13/04/16,2.424,0.05
1396,14/04/16,2.436,0.05
1397,15/04/16,2.448,0.05
1398,18/04/16,2.46,0.05
1399,19/04/16,2.42,0.05
1400,20/04/16,2.464,0.05
1401,21/04/16,2.49,0.05
1402,22/04/16,2.46,0.05
1403,25/04/16,2.4,0.05
1404,26/04/16,2.468,0.05
1405,27/04/16,2.47,0.05
1406,28/04/16,2.49,0.05
1407,29/04/16,2.42,0.05
1408,02/05/16,2.372,0.05
1409,03/05/16,2.316,0.05
1410,04/05/16,2.264,0.05
1411,05/05/16,2.22,0.05
1412,06/05/16,2.226,0.05
1413,09/05/16,2.24,0.05
1414,10/05/16,2.294,0.05
1415,11/05/16,2.256,0.05
1416,12/05/16,2.232,0.05
1417,13/05/16,2.224,0.05
1418,16/05/16,2.2,0.05
1419,17/05/16,2.184,0.05
1420,18/05/16,2.242,0.05
1421,19/05/16,2.296,0.05
1422,20/05/16,2.314,0.05
1423,23/05/16,2.172,0.05
1424,24/05/16,2.304,0.05
1425,25/05/16,2.356,0.05
1426,26/05/16,2.374,0.05
1427,27/05/16,2.356,0.05
1428,30/05/16,2.374,0.05
1429,31/05/16,2.308,0.05
1430,01/06/16,2.27,0.05
1431,02/06/16,2.252,0.05
1432,03/06/16,2.212,0.05
1433,06/06/16,2.204,0.05
1434,07/06/16,2.242,0.05
1435,08/06/16,2.216,0.05
1436,09/06/16,2.196,0.05
1437,10/06/16,2.106,0.05
1438,13/06/16,1.982,0.05
1439,14/06/16,1.913,0.05
1440,15/06/16,1.967,0.05
1441,16/06/16,1.95,0.05
1442,17/06/16,2.04,0.05
1443,20/06/16,2.102,0.05
1444,21/06/16,2.154,0.05
1445,22/06/16,2.152,0.05
1446,23/06/16,2.258,0.05
1447,24/06/16,1.74,0.05
1448,27/06/16,1.55,0.05
1449,28/06/16,1.624,0.05
1450,29/06/16,1.648,0.05
1451,30/06/16,1.702,0.05
1452,01/07/16,1.68,0.05
1453,04/07/16,1.629,0.05
1454,05/07/16,1.593,0.05
1455,06/07/16,1.59,0.05
1456,07/07/16,1.6,0.05
1457,08/07/16,1.76,0.05
1458,11/07/16,1.8,0.05
1459,12/07/16,1.918,0.05
1460,13/07/16,1.896,0.05
1461,14/07/16,1.936,0.05
1462,15/07/16,1.931,0.05
1463,18/07/16,1.935,0.05
1464,19/07/16,1.923,0.05
1465,20/07/16,1.947,0.05
1466,21/07/16,1.953,0.05
1467,22/07/16,1.956,0.05
1468,25/07/16,1.92,0.05
1469,26/07/16,1.928,0.05
1470,27/07/16,1.962,0.05
1471,28/07/16,1.903,0.05
1472,29/07/16,1.97,0.05
1473,01/08/16,1.901,0.05
1474,02/08/16,1.829,0.05
1475,03/08/16,1.819,0.05
1476,04/08/16,1.82,0.05
1477,05/08/16,1.9,0.05
1478,08/08/16,1.924,0.05
1479,09/08/16,1.933,0.05
1480,10/08/16,1.95,0.05
1481,11/08/16,1.97,0.05
1482,12/08/16,1.976,0.05
1483,16/08/16,1.937,0.05
1484,17/08/16,1.886,0.05
1485,18/08/16,1.901,0.05
1486,19/08/16,1.829,0.05
1487,22/08/16,1.848,0.05
1488,23/08/16,1.94,0.05
1489,24/08/16,1.999,0.05
1490,25/08/16,1.981,0.05
1491,26/08/16,2.014,0.05
1492,29/08/16,1.995,0.05
1493,30/08/16,2.044,0.05
1494,31/08/16,2.13,0.05
1495,01/09/16,2.13,0.05
1496,02/09/16,2.192,0.05
1497,05/09/16,2.182,0.05
1498,06/09/16,2.138,0.05
1499,07/09/16,2.158,0.05
1500,08/09/16,2.192,0.05
1501,09/09/16,2.166,0.05
1502,12/09/16,2.122,0.05
1503,13/09/16,2.082,0.05
1504,14/09/16,2.08,0.05
1505,15/09/16,2.08,0.05
1506,16/09/16,2.014,0.05
1507,19/09/16,2.064,0.05
1508,20/09/16,2.008,0.05
1509,21/09/16,2.036,0.05
1510,22/09/16,2.062,0.05
1511,23/09/16,1.996,0.05
1512,26/09/16,1.973,0.05
1513,27/09/16,1.948,0.05
1514,28/09/16,1.943,0.05
1515,29/09/16,1.946,0.05
1516,30/09/16,1.974,0.05
1517,03/10/16,1.928,0.05
1518,04/10/16,1.93,0.05
1519,05/10/16,1.994,0.05
1520,06/10/16,2.008,0.05
1521,07/10/16,2.002,0.05
1522,10/10/16,2.014,0.05
1523,11/10/16,1.971,0.05
1524,12/10/16,1.976,0.05
1525,13/10/16,1.93,0.05
1526,14/10/16,1.983,0.05
1527,17/10/16,2.002,0.05
1528,18/10/16,2.056,0.05
1529,19/10/16,2.07,0.05
1530,20/10/16,2.108,0.05
1531,21/10/16,2.112,0.05
1532,24/10/16,2.156,0.05
1533,25/10/16,2.154,0.05
1534,26/10/16,2.166,0.05
1535,27/10/16,2.2,0.05
1536,28/10/16,2.164,0.05
1537,31/10/16,2.11,0.05
1538,01/11/16,2.084,0.05
1539,02/11/16,2.012,0.05
1540,03/11/16,2.036,0.05
1541,04/11/16,2.006,0.05
1542,07/11/16,2.124,0.05
1543,08/11/16,2.14,0.05
1544,09/11/16,2.14,0.05
1545,10/11/16,2.234,0.05
1546,11/11/16,2.23,0.05
1547,14/11/16,2.204,0.05
1548,15/11/16,2.154,0.05
1549,16/11/16,2.114,0.05
1550,17/11/16,2.09,0.05
1551,18/11/16,2.036,0.05
1552,21/11/16,2.014,0.05
1553,22/11/16,2.062,0.05
1554,23/11/16,2.048,0.05
1555,24/11/16,2.04,0.05
1556,25/11/16,2.02,0.05
1557,28/11/16,1.955,0.05
1558,29/11/16,2.038,0.05
1559,30/11/16,2.096,0.05
1560,01/12/16,2.14,0.05
1561,02/12/16,2.13,0.05
1562,05/12/16,2.108,0.05
1563,06/12/16,2.28,0.05
1564,07/12/16,2.318,0.05
1565,08/12/16,2.396,0.05
1566,09/12/16,2.356,0.05
1567,12/12/16,2.34,0.05
1568,13/12/16,2.43,0.05
1569,14/12/16,2.366,0.05
1570,15/12/16,2.446,0.05
1571,16/12/16,2.414,0.05
1572,19/12/16,2.396,0.05
1573,20/12/16,2.448,0.05
1574,21/12/16,2.45,0.05
1575,22/12/16,2.43,0.05
1576,23/12/16,2.46,0.05
1577,27/12/16,2.452,0.05
1578,28/12/16,2.432,0.05
1579,29/12/16,2.412,0.05
1580,30/12/16,2.426,0.05
1581,02/01/17,2.448,0.05
1582,03/01/17,2.504,0.05
1583,04/01/17,2.54,0.05
1584,05/01/17,2.558,0.05
1585,06/01/17,2.544,0.05
1586,09/01/17,2.476,0.05
1587,10/01/17,2.468,0.05
1588,11/01/17,2.464,0.05
1589,12/01/17,2.43,0.05
1590,13/01/17,2.466,0.05
1591,16/01/17,2.42,0.05
1592,17/01/17,2.42,0.05
1593,18/01/17,2.414,0.05
1594,19/01/17,2.458,0.05
1595,20/01/17,2.47,0.05
1596,23/01/17,2.398,0.05
1597,24/01/17,2.292,0.05
1598,25/01/17,2.3,0.05
1599,26/01/17,2.25,0.05
1600,27/01/17,2.268,0.05
1601,30/01/17,2.198,0.05
1602,31/01/17,2.17,0.05
1603,01/02/17,2.2,0.05
1604,02/02/17,2.18,0.05
1605,03/02/17,2.238,0.05
1606,06/02/17,2.184,0.05
1607,07/02/17,2.142,0.05
1608,08/02/17,2.138,0.05
1609,09/02/17,2.148,0.05
1610,10/02/17,2.134,0.05
1611,13/02/17,2.144,0.05
1612,14/02/17,2.172,0.05
1613,15/02/17,2.19,0.05
1614,16/02/17,2.196,0.05
1615,17/02/17,2.17,0.05
1616,20/02/17,2.166,0.05
1617,21/02/17,2.162,0.05
1618,22/02/17,2.14,0.05
1619,23/02/17,2.124,0.05
1620,24/02/17,2.076,0.05
1621,27/02/17,2.19,0.05
1622,28/02/17,2.2,0.05
1623,01/03/17,2.292,0.05
1624,02/03/17,2.29,0.05
1625,03/03/17,2.336,0.05
1626,06/03/17,2.322,0.05
1627,07/03/17,2.328,0.05
1628,08/03/17,2.332,0.05
1629,09/03/17,2.39,0.05
1630,10/03/17,2.432,0.05
1631,13/03/17,2.456,0.05
1632,14/03/17,2.422,0.05
1633,15/03/17,2.448,0.05
1634,16/03/17,2.472,0.05
1635,17/03/17,2.482,0.05
1636,20/03/17,2.482,0.05
1637,21/03/17,2.504,0.05
1638,22/03/17,2.506,0.05
1639,23/03/17,2.546,0.05
1640,24/03/17,2.538,0.05
1641,27/03/17,2.532,0.05
1642,28/03/17,2.54,0.05
1643,29/03/17,2.52,0.05
1644,30/03/17,2.526,0.05
1645,31/03/17,2.546,0.05
1646,03/04/17,2.506,0.05
1647,04/04/17,2.524,0.05
1648,05/04/17,2.516,0.05
1649,06/04/17,2.532,0.05
1650,07/04/17,2.54,0.05
1651,10/04/17,2.526,0.05
1652,11/04/17,2.502,0.05
1653,12/04/17,2.478,0.05
1654,13/04/17,2.438,0.05
1655,18/04/17,2.388,0.05
1656,19/04/17,2.474,0.05
1657,20/04/17,2.49,0.05
1658,21/04/17,2.514,0.05
1659,24/04/17,2.702,0.05
1660,25/04/17,2.756,0.05
1661,26/04/17,2.736,0.05
1662,27/04/17,2.672,0.05
1663,28/04/17,2.674,0.05
1664,02/05/17,2.678,0.05
1665,03/05/17,2.692,0.05
1666,04/05/17,2.76,0.05
1667,05/05/17,2.842,0.05
1668,08/05/17,2.852,0.05
1669,09/05/17,2.848,0.05
1670,10/05/17,2.85,0.05
1671,11/05/17,2.832,0.05
1672,12/05/17,2.828,0.05
1673,15/05/17,2.842,0.05
1674,16/05/17,2.84,0.05
1675,17/05/17,2.798,0.05
1676,18/05/17,2.786,0.05
1677,19/05/17,2.8,0.05
1678,22/05/17,2.684,0.05
1679,23/05/17,2.692,0.05
1680,24/05/17,2.686,0.05
1681,25/05/17,2.664,0.05
1682,26/05/17,2.622,0.05
1683,29/05/17,2.568,0.05
1684,30/05/17,2.552,0.05
1685,31/05/17,2.548,0.05
1686,01/06/17,2.572,0.05
1687,02/06/17,2.59,0.05
1688,05/06/17,2.556,0.05
1689,06/06/17,2.556,0.05
1690,07/06/17,2.544,0.05
1691,08/06/17,2.57,0.05
1692,09/06/17,2.586,0.05
1693,12/06/17,2.574,0.05
1694,13/06/17,2.586,0.05
1695,14/06/17,2.578,0.05
1696,15/06/17,2.566,0.05
1697,16/06/17,2.556,0.05
1698,19/06/17,2.544,0.05
1699,20/06/17,2.534,0.05
1700,21/06/17,2.596,0.05
1701,22/06/17,2.614,0.05
1702,23/06/17,2.616,0.05
1703,26/06/17,2.708,0.05
1704,27/06/17,2.756,0.05
1705,28/06/17,2.812,0.05
1706,29/06/17,2.774,0.05
1707,30/06/17,2.776,0.05
1708,03/07/17,2.85,0.05
1709,04/07/17,2.85,0.05
1710,05/07/17,2.844,0.05
1711,06/07/17,2.866,0.05
1712,07/07/17,2.84,0.05
1713,10/07/17,2.86,0.05
1714,11/07/17,2.834,0.05
1715,12/07/17,2.848,0.05
1716,13/07/17,2.852,0.05
1717,14/07/17,2.864,0.05
1718,17/07/17,2.87,0.05
1719,18/07/17,2.87,0.05
1720,19/07/17,2.856,0.05
1721,20/07/17,2.868,0.05
1722,21/07/17,2.852,0.05
1723,24/07/17,2.864,0.05
1724,25/07/17,2.886,0.05
1725,26/07/17,2.902,0.05
1726,27/07/17,2.906,0.05
1727,28/07/17,2.904,0.05
1728,31/07/17,2.912,0.05
1729,01/08/17,2.916,0.05
1730,02/08/17,2.9,0.05
1731,03/08/17,2.9,0.05
1732,04/08/17,2.92,0.05
1733,07/08/17,2.928,0.05
1734,08/08/17,2.922,0.05
1735,09/08/17,2.884,0.05
1736,10/08/17,2.876,0.05
1737,11/08/17,2.846,0.05
1738,14/08/17,2.864,0.05
1739,16/08/17,2.926,0.05
1740,17/08/17,2.916,0.05
1741,18/08/17,2.916,0.05
1742,21/08/17,2.896,0.05
1743,22/08/17,2.876,0.05
1744,23/08/17,2.834,0.05
1745,24/08/17,2.84,0.05
1746,25/08/17,2.84,0.05
1747,28/08/17,2.864,0.05
1748,29/08/17,2.812,0.05
1749,30/08/17,2.816,0.05
1750,31/08/17,2.836,0.05
1751,01/09/17,2.842,0.05
1752,04/09/17,2.836,0.05
1753,05/09/17,2.816,0.05
1754,06/09/17,2.812,0.05
1755,07/09/17,2.806,0.05
1756,08/09/17,2.812,0.05
1757,11/09/17,2.854,0.05
1758,12/09/17,2.882,0.05
1759,13/09/17,2.902,0.05
1760,14/09/17,2.926,0.05
1761,15/09/17,2.914,0.05
1762,18/09/17,2.932,0.05
1763,19/09/17,2.944,0.05
1764,20/09/17,2.932,0.05
1765,21/09/17,2.97,0.05
1766,22/09/17,2.972,0.05
1767,25/09/17,2.956,0.05
1768,26/09/17,2.974,0.05
1769,27/09/17,2.99,0.05
1770,28/09/17,2.986,0.05
1771,29/09/17,2.992,0.05
1772,02/10/17,2.994,0.05
1773,03/10/17,2.984,0.05
1774,04/10/17,2.934,0.05
1775,05/10/17,2.94,0.05
1776,06/10/17,2.93,0.05
1777,09/10/17,2.912,0.05
1778,10/10/17,2.888,0.05
1779,11/10/17,2.886,0.05
1780,12/10/17,2.858,0.05
1781,13/10/17,2.86,0.05
1782,16/10/17,2.866,0.05
1783,17/10/17,2.858,0.05
1784,18/10/17,2.88,0.05
1785,19/10/17,2.85,0.05
1786,20/10/17,2.868,0.05
1787,23/10/17,2.868,0.05
1788,24/10/17,2.902,0.05
1789,25/10/17,2.896,0.05
1790,26/10/17,2.924,0.05
1791,27/10/17,2.916,0.05
1792,30/10/17,2.912,0.05
1793,31/10/17,2.886,0.05
1794,01/11/17,2.878,0.05
1795,02/11/17,2.866,0.05
1796,03/11/17,2.85,0.05
1797,06/11/17,2.842,0.05
1798,07/11/17,2.85,0.05
1799,08/11/17,2.858,0.05
1800,09/11/17,2.848,0.05
1801,10/11/17,2.83,0.05
1802,13/11/17,2.806,0.05
1803,14/11/17,2.8,0.05
1804,15/11/17,2.8,0.05
1805,16/11/17,2.802,0.05
1806,17/11/17,2.772,0.05
1807,20/11/17,2.768,0.05
1808,21/11/17,2.768,0.05
1809,22/11/17,2.812,0.05
1810,23/11/17,2.816,0.05
1811,24/11/17,2.818,0.05
1812,27/11/17,2.766,0.05
1813,28/11/17,2.776,0.05
1814,29/11/17,2.82,0.05
1815,30/11/17,2.822,0.05
1816,01/12/17,2.768,0.05
1817,04/12/17,2.816,0.05
1818,05/12/17,2.8,0.05
1819,06/12/17,2.774,0.05
1820,07/12/17,2.806,0.05
1821,08/12/17,2.88,0.05
1822,11/12/17,2.876,0.05
1823,12/12/17,2.906,0.05
1824,13/12/17,2.872,0.05
1825,14/12/17,2.808,0.05
1826,15/12/17,2.802,0.05
1827,18/12/17,2.818,0.05
1828,19/12/17,2.792,0.05
1829,20/12/17,2.788,0.05
1830,21/12/17,2.83,0.05
1831,22/12/17,2.84,0.05
1832,27/12/17,2.818,0.05
1833,28/12/17,2.79,0.05
1834,29/12/17,2.77,0.05
1835,02/01/18,2.754,0.05
1836,03/01/18,2.75,0.05
1837,04/01/18,2.822,0.05
1838,05/01/18,2.816,0.05
1839,08/01/18,2.808,0.05
1840,09/01/18,2.84,0.05
1841,10/01/18,2.97,0.05
1842,11/01/18,2.988,0.05
1843,12/01/18,3.026,0.05
1844,15/01/18,3.038,0.05
1845,16/01/18,3.044,0.05
1846,17/01/18,3.058,0.05
1847,18/01/18,3.094,0.05
1848,19/01/18,3.088,0.05
1849,22/01/18,3.126,0.05
1850,23/01/18,3.128,0.05
1851,24/01/18,3.082,0.05
1852,25/01/18,3.122,0.05
1853,26/01/18,3.16,0.05
1854,29/01/18,3.185,0.05
1855,30/01/18,3.146,0.05
1856,31/01/18,3.1605,0.05
1857,01/02/18,3.1385,0.05
1858,02/02/18,3.1155,0.05
1859,05/02/18,3.0835,0.05
1860,06/02/18,3.104,0.05
1861,07/02/18,3.21,0.05
1862,08/02/18,3.1475,0.05
1863,09/02/18,3.0835,0.05
1864,12/02/18,3.105,0.05
1865,13/02/18,3.0745,0.05
1866,14/02/18,3.101,0.05
1867,15/02/18,3.097,0.05
1868,16/02/18,3.1375,0.05
1869,19/02/18,3.1075,0.05
1870,20/02/18,3.089,0.05
1871,21/02/18,3.098,0.05
1872,22/02/18,3.0585,0.05
1873,23/02/18,3.083,0.05
1874,26/02/18,3.085,0.05
1875,27/02/18,3.102,0.05
1876,28/02/18,3.096,0.05
1877,01/03/18,3.073,0.05
1878,02/03/18,3.0065,0.05
1879,05/03/18,2.964,0.05
1880,06/03/18,2.9915,0.05
1881,07/03/18,3.0255,0.05
1882,08/03/18,3.0425,0.05
1883,09/03/18,3.038,0.05
1884,12/03/18,3.0515,0.05
1885,13/03/18,3.043,0.05
1886,14/03/18,2.9975,0.05
1887,15/03/18,3.018,0.05
1888,16/03/18,3.077,0.05
1889,19/03/18,3.04,0.05
1890,20/03/18,3.059,0.05
1891,21/03/18,3.041,0.05
1892,22/03/18,2.987,0.05
1893,23/03/18,2.9525,0.05
1894,26/03/18,2.924,0.05
1895,27/03/18,2.9265,0.05
1896,28/03/18,2.953,0.05
1897,29/03/18,2.9535,0.05
1898,03/04/18,2.957,0.05
1899,04/04/18,2.9465,0.05
1900,05/04/18,3.003,0.05
1901,06/04/18,2.9955,0.05
1902,09/04/18,3.021,0.05
1903,10/04/18,3.036,0.05
1904,11/04/18,3.015,0.05
1905,12/04/18,3.05,0.05
1906,13/04/18,3.067,0.05
1907,16/04/18,3.076,0.05
1908,17/04/18,3.105,0.05
1909,18/04/18,3.11,0.05
1910,19/04/18,3.1115,0.05
1911,20/04/18,3.135,0.05
1912,23/04/18,3.168,0.05
1913,24/04/18,3.1955,0.05
1914,25/04/18,3.1535,0.05
1915,26/04/18,3.173,0.05
1916,27/04/18,3.153,0.05
1917,30/04/18,3.157,0.05
1918,02/05/18,3.1685,0.05
1919,03/05/18,3.153,0.05
1920,04/05/18,3.1505,0.05
1921,07/05/18,3.1615,0.05
1922,08/05/18,3.1435,0.05
1923,09/05/18,3.16,0.05
1924,10/05/18,3.131,0.05
1925,11/05/18,3.146,0.05
1926,14/05/18,3.15,0.05
1927,15/05/18,3.178,0.05
1928,16/05/18,3.1,0.05
1929,17/05/18,3.0755,0.05
1930,18/05/18,3.0,0.05
1931,21/05/18,2.78,0.05
1932,22/05/18,2.799,0.05
1933,23/05/18,2.75,0.05
1934,24/05/18,2.7245,0.05
1935,25/05/18,2.638,0.05
1936,28/05/18,2.5525,0.05
1937,29/05/18,2.448,0.05
1938,30/05/18,2.521,0.05
1939,31/05/18,2.5145,0.05
1940,01/06/18,2.5975,0.05
1941,04/06/18,2.597,0.05
1942,05/06/18,2.4975,0.05
1943,06/06/18,2.4845,0.05
1944,07/06/18,2.455,0.05
1945,08/06/18,2.425,0.05
1946,11/06/18,2.586,0.05
1947,12/06/18,2.5845,0.05
1948,13/06/18,2.598,0.05
1949,14/06/18,2.594,0.05
1950,15/06/18,2.5475,0.05
1951,18/06/18,2.5535,0.05
1952,19/06/18,2.566,0.05
1953,20/06/18,2.6135,0.05
1954,21/06/18,2.562,0.05
1955,22/06/18,2.588,0.05
1956,25/06/18,2.504,0.05
1957,26/06/18,2.478,0.05
1958,27/06/18,2.44,0.05
1959,28/06/18,2.488,0.05
1960,29/06/18,2.4865,0.05
1961,02/07/18,2.4685,0.05
1962,03/07/18,2.519,0.05
1963,04/07/18,2.5315,0.05
1964,05/07/18,2.565,0.05
1965,06/07/18,2.5615,0.05
1966,09/07/18,2.5665,0.05
1967,10/07/18,2.5255,0.05
1968,11/07/18,2.475,0.05
1969,12/07/18,2.446,0.05
1970,13/07/18,2.4605,0.05
1971,16/07/18,2.4555,0.05
1972,17/07/18,2.48,0.05
1973,18/07/18,2.4635,0.05
1974,19/07/18,2.4235,0.05
1975,20/07/18,2.4055,0.05
1976,23/07/18,2.401,0.05
1977,24/07/18,2.475,0.05
1978,25/07/18,2.4465,0.05
1979,26/07/18,2.4775,0.05
1980,27/07/18,2.5095,0.05
1981,30/07/18,2.53,0.05
1982,31/07/18,2.634,0.05
1983,01/08/18,2.513,0.05
1984,02/08/18,2.416,0.05
1985,03/08/18,2.445,0.05
1986,06/08/18,2.44,0.05
1987,07/08/18,2.44,0.05
1988,08/08/18,2.4105,0.05
1989,09/08/18,2.385,0.05
1990,10/08/18,2.298,0.05
1991,13/08/18,2.26,0.05
1992,14/08/18,2.24,0.05
1993,16/08/18,2.1995,0.05
1994,17/08/18,2.1825,0.05
1995,20/08/18,2.169,0.05
1996,21/08/18,2.2425,0.05
1997,22/08/18,2.2105,0.05
1998,23/08/18,2.2,0.05
1999,24/08/18,2.2035,0.05
2000,27/08/18,2.203,0.05
2001,28/08/18,2.179,0.05
2002,29/08/18,2.208,0.05
2003,30/08/18,2.156,0.05
2004,31/08/18,2.1275,0.05
2005,03/09/18,2.171,0.05
2006,04/09/18,2.2835,0.05
2007,05/09/18,2.3315,0.05
2008,06/09/18,2.3,0.05
2009,07/09/18,2.2625,0.05
2010,10/09/18,2.365,0.05
2011,11/09/18,2.3275,0.05
2012,12/09/18,2.34,0.05
2013,13/09/18,2.329,0.05
2014,14/09/18,2.344,0.05
2015,17/09/18,2.3985,0.05
2016,18/09/18,2.3955,0.05
2017,19/09/18,2.4275,0.05
2018,20/09/18,2.4155,0.05
2019,21/09/18,2.4485,0.05
2020,24/09/18,2.397,0.05
2021,25/09/18,2.47,0.05
2022,26/09/18,2.4325,0.05
2023,27/09/18,2.404,0.05
2024,28/09/18,2.201,0.05
2025,01/10/18,2.115,0.05
2026,02/10/18,2.108,0.05
2027,03/10/18,2.1195,0.05
2028,04/10/18,2.165,0.05
2029,05/10/18,2.0985,0.05
2030,08/10/18,2.03,0.05
2031,09/10/18,2.0745,0.05
2032,10/10/18,2.0855,0.05
2033,11/10/18,2.034,0.05
2034,12/10/18,2.026,0.05
2035,15/10/18,2.0415,0.05
2036,16/10/18,2.07,0.05
2037,17/10/18,2.0465,0.05
2038,18/10/18,1.979,0.05
2039,19/10/18,1.9842,0.05
2040,22/10/18,1.9676,0.05
2041,23/10/18,1.9682,0.05
2042,24/10/18,1.9006,0.05
2043,25/10/18,1.9532,0.05
2044,26/10/18,1.9378,0.05
2045,29/10/18,1.9966,0.05
2046,30/10/18,1.992,0.05
2047,31/10/18,1.953,0.05
2048,01/11/18,1.9858,0.05
2049,02/11/18,2.0065,0.05
2050,05/11/18,1.9762,0.05
2051,06/11/18,2.0015,0.05
2052,07/11/18,2.055,0.05
2053,08/11/18,2.029,0.05
2054,09/11/18,2.0055,0.05
2055,12/11/18,1.9602,0.05
2056,13/11/18,2.0025,0.05
2057,14/11/18,1.9788,0.05
2058,15/11/18,1.9538,0.05
2059,16/11/18,1.9194,0.05
2060,19/11/18,1.9262,0.05
2061,20/11/18,1.8788,0.05
2062,21/11/18,1.932,0.05
2063,22/11/18,1.9318,0.05
2064,23/11/18,1.9522,0.05
2065,26/11/18,2.0405,0.05
2066,27/11/18,2.0395,0.05
2067,28/11/18,2.054,0.05
2068,29/11/18,2.0325,0.05
2069,30/11/18,2.048,0.05
2070,03/12/18,2.1125,0.05
2071,04/12/18,2.064,0.05
2072,05/12/18,2.0805,0.05
2073,06/12/18,1.9734,0.05
2074,07/12/18,1.982,0.05
2075,10/12/18,1.9396,0.05
2076,11/12/18,1.934,0.05
2077,12/12/18,2.013,0.05
2078,13/12/18,2.032,0.05
2079,14/12/18,2.014,0.05
2080,17/12/18,1.973,0.05
2081,18/12/18,1.985,0.05
2082,19/12/18,2.019,0.05
2083,20/12/18,1.945,0.05
2084,21/12/18,1.9122,0.05
2085,27/12/18,1.909,0.05
2086,28/12/18,1.9398,0.05
2087,02/01/19,1.9064,0.05
2088,03/01/19,1.9014,0.05
2089,04/01/19,1.9992,0.05
2090,07/01/19,2.033,0.05
2091,08/01/19,2.0095,0.05
2092,09/01/19,2.0065,0.05
2093,10/01/19,2.021,0.05
2094,11/01/19,2.011,0.05
2095,14/01/19,1.9818,0.05
2096,15/01/19,1.957,0.05
2097,16/01/19,2.03,0.05
2098,17/01/19,2.0135,0.05
2099,18/01/19,2.0385,0.05
2100,21/01/19,2.039,0.05
2101,22/01/19,2.0265,0.05
2102,23/01/19,2.039,0.05
2103,24/01/19,2.028,0.05
2104,25/01/19,2.0645,0.05
2105,28/01/19,2.0455,0.05
2106,29/01/19,2.0485,0.05
2107,30/01/19,2.061,0.05
2108,31/01/19,1.9948,0.05
2109,01/02/19,1.9626,0.05
2110,04/02/19,1.9616,0.05
2111,05/02/19,1.9928,0.05
2112,06/02/19,2.0405,0.05
2113,07/02/19,1.9844,0.05
2114,08/02/19,1.9754,0.05
2115,11/02/19,1.9996,0.05
2116,12/02/19,2.006,0.05
2117,13/02/19,2.013,0.05
2118,14/02/19,1.984,0.05
2119,15/02/19,2.047,0.05
2120,18/02/19,2.065,0.05
2121,19/02/19,2.0555,0.05
2122,20/02/19,2.0565,0.05
2123,21/02/19,2.04,0.05
2124,22/02/19,2.042,0.05
2125,25/02/19,2.0845,0.05
2126,26/02/19,2.0765,0.05
2127,27/02/19,2.1315,0.05
2128,28/02/19,2.169,0.05
2129,01/03/19,2.158,0.05
2130,04/03/19,2.1655,0.05
2131,05/03/19,2.1615,0.05
2132,06/03/19,2.182,0.05
2133,07/03/19,2.1335,0.05
2134,08/03/19,2.119,0.05
2135,11/03/19,2.1375,0.05
2136,12/03/19,2.136,0.05
2137,13/03/19,2.1545,0.05
2138,14/03/19,2.17,0.05
2139,15/03/19,2.199,0.05
2140,18/03/19,2.233,0.05
2141,19/03/19,2.236,0.05
2142,20/03/19,2.23,0.05
2143,21/03/19,2.215,0.05
2144,22/03/19,2.1565,0.05
2145,25/03/19,2.149,0.05
2146,26/03/19,2.1435,0.05
2147,27/03/19,2.16,0.05
2148,28/03/19,2.164,0.05
2149,29/03/19,2.171,0.05
2150,01/04/19,2.2055,0.05
2151,02/04/19,2.198,0.05
2152,03/04/19,2.2175,0.05
2153,04/04/19,2.234,0.05
2154,05/04/19,2.234,0.05
2155,08/04/19,2.233,0.05
2156,09/04/19,2.2365,0.05
2157,10/04/19,2.2215,0.05
2158,11/04/19,2.2345,0.05
2159,12/04/19,2.2835,0.05
2160,15/04/19,2.301,0.05
2161,16/04/19,2.3225,0.05
2162,17/04/19,2.342,0.05
2163,18/04/19,2.3325,0.05
2164,23/04/19,2.321,0.05
2165,24/04/19,2.275,0.05
2166,25/04/19,2.277,0.05
2167,26/04/19,2.285,0.05
2168,29/04/19,2.332,0.05
2169,30/04/19,2.337,0.05
2170,02/05/19,2.327,0.05
2171,03/05/19,2.322,0.05
2172,06/05/19,2.2895,0.05
2173,07/05/19,2.242,0.05
2174,08/05/19,2.216,0.05
2175,09/05/19,2.1645,0.05
2176,10/05/19,2.1595,0.05
2177,13/05/19,2.118,0.05
2178,14/05/19,2.15,0.05
2179,15/05/19,2.1315,0.05
2180,16/05/19,2.1835,0.05
2181,17/05/19,2.1705,0.05
2182,20/05/19,1.978,0.05
2183,21/05/19,1.977,0.05
2184,22/05/19,1.9416,0.05
2185,23/05/19,1.903,0.05
2186,24/05/19,1.9188,0.05
2187,27/05/19,1.9082,0.05
2188,28/05/19,1.887,0.05
2189,29/05/19,1.8658,0.05
2190,30/05/19,1.8652,0.05
2191,31/05/19,1.8338,0.05
2192,03/06/19,1.826,0.05
2193,04/06/19,1.8662,0.05
2194,05/06/19,1.85,0.05
2195,06/06/19,1.8264,0.05
2196,07/06/19,1.8328,0.05
2197,10/06/19,1.8458,0.05
2198,11/06/19,1.8472,0.05
2199,12/06/19,1.828,0.05
2200,13/06/19,1.842,0.05
2201,14/06/19,1.8374,0.05
2202,17/06/19,1.831,0.05
2203,18/06/19,1.8734,0.05
2204,19/06/19,1.9072,0.05
2205,20/06/19,1.8908,0.05
2206,21/06/19,1.875,0.05
2207,24/06/19,1.8748,0.05
2208,25/06/19,1.8684,0.05
2209,26/06/19,1.8778,0.05
2210,27/06/19,1.8786,0.05
2211,28/06/19,1.882,0.05
2212,01/07/19,1.8676,0.05
2213,02/07/19,1.885,0.05
2214,03/07/19,1.9808,0.05
2215,04/07/19,2.026,0.05
2216,05/07/19,2.032,0.05
2217,08/07/19,2.0175,0.05
2218,09/07/19,2.0065,0.05
2219,10/07/19,2.031,0.05
2220,11/07/19,2.0555,0.05
2221,12/07/19,2.051,0.05
2222,15/07/19,2.0485,0.05
2223,16/07/19,2.062,0.05
2224,17/07/19,2.043,0.05
2225,18/07/19,2.05,0.05
2226,19/07/19,2.008,0.05
2227,22/07/19,2.0115,0.05
2228,23/07/19,2.035,0.05
2229,24/07/19,2.035,0.05
2230,25/07/19,2.02,0.05
2231,26/07/19,2.01,0.05
2232,29/07/19,1.9912,0.05
2233,30/07/19,1.966,0.05
2234,31/07/19,1.9604,0.05
2235,01/08/19,2.0,0.05
2236,02/08/19,1.9526,0.05
2237,05/08/19,1.9678,0.05
2238,06/08/19,1.9446,0.05
2239,07/08/19,1.91,0.05
2240,08/08/19,1.9454,0.05
2241,09/08/19,1.8748,0.05
2242,12/08/19,1.836,0.05
2243,13/08/19,1.8872,0.05
2244,14/08/19,1.8456,0.05
2245,16/08/19,1.882,0.05
2246,19/08/19,1.9142,0.05
2247,20/08/19,1.9034,0.05
2248,21/08/19,1.9226,0.05
2249,22/08/19,1.9418,0.05
2250,23/08/19,1.9032,0.05
2251,26/08/19,1.94,0.05
2252,27/08/19,1.9482,0.05
2253,28/08/19,1.9686,0.05
2254,29/08/19,2.0135,0.05
2255,30/08/19,1.9932,0.05
2256,02/09/19,2.0035,0.05
2257,03/09/19,2.0005,0.05
2258,04/09/19,2.0275,0.05
2259,05/09/19,2.056,0.05
2260,06/09/19,2.067,0.05
2261,09/09/19,2.1015,0.05
2262,10/09/19,2.1235,0.05
2263,11/09/19,2.108,0.05
2264,12/09/19,2.1225,0.05
2265,13/09/19,2.182,0.05
2266,16/09/19,2.1435,0.05
2267,17/09/19,2.125,0.05
2268,18/09/19,2.126,0.05
2269,19/09/19,2.164,0.05
2270,20/09/19,2.166,0.05
2271,23/09/19,2.1405,0.05
2272,24/09/19,2.13,0.05
2273,25/09/19,2.135,0.05
2274,26/09/19,2.143,0.05
2275,27/09/19,2.1605,0.05
2276,30/09/19,2.1755,0.05
2277,01/10/19,2.155,0.05
2278,02/10/19,2.094,0.05
2279,03/10/19,2.091,0.05
2280,04/10/19,2.0955,0.05
2281,07/10/19,2.108,0.05
2282,08/10/19,2.086,0.05
2283,09/10/19,2.1035,0.05
2284,10/10/19,2.1495,0.05
2285,11/10/19,2.186,0.05
2286,14/10/19,2.18,0.05
2287,15/10/19,2.21,0.05
2288,16/10/19,2.2385,0.05
2289,17/10/19,2.2315,0.05
2290,18/10/19,2.2345,0.05
2291,21/10/19,2.253,0.05
2292,22/10/19,2.275,0.05
2293,23/10/19,2.27,0.05
2294,24/10/19,2.271,0.05
2295,25/10/19,2.2725,0.05
2296,28/10/19,2.2785,0.05
2297,29/10/19,2.272,0.05
2298,30/10/19,2.2485,0.05
2299,31/10/19,2.246,0.05
2300,01/11/19,2.273,0.05
2301,04/11/19,2.306,0.05
2302,05/11/19,2.34,0.05
2303,06/11/19,2.3375,0.05
2304,07/11/19,2.356,0.05
2305,08/11/19,2.343,0.05
2306,11/11/19,2.357,0.05
2307,12/11/19,2.378,0.05
2308,13/11/19,2.345,0.05
2309,14/11/19,2.326,0.05
2310,15/11/19,2.338,0.05
2311,18/11/19,2.35,0.05
2312,19/11/19,2.3475,0.05
2313,20/11/19,2.345,0.05
2314,21/11/19,2.354,0.05
2315,22/11/19,2.3435,0.05
2316,25/11/19,2.3525,0.05
2317,26/11/19,2.342,0.05
2318,27/11/19,2.3275,0.05
2319,28/11/19,2.31,0.05
2320,29/11/19,2.3005,0.05
2321,02/12/19,2.271,0.05
2322,03/12/19,2.245,0.05
2323,04/12/19,2.291,0.05
2324,05/12/19,2.288,0.05
2325,06/12/19,2.3135,0.05
2326,09/12/19,2.297,0.05
2327,10/12/19,2.304,0.05
2328,11/12/19,2.311,0.05
2329,12/12/19,2.3525,0.05
2330,13/12/19,2.328,0.05
2331,16/12/19,2.3465,0.05
2332,17/12/19,2.363,0.05
2333,18/12/19,2.366,0.05
2334,19/12/19,2.38,0.05
2335,20/12/19,2.405,0.05
2336,23/12/19,2.4005,0.05
2337,27/12/19,2.355,0.05
2338,30/12/19,2.3485,0.05
2339,02/01/20,2.381,0.05
2340,03/01/20,2.3495,0.05
2341,06/01/20,2.34,0.05
2342,07/01/20,2.345,0.05
2343,08/01/20,2.338,0.05
2344,09/01/20,2.374,0.05
2345,10/01/20,2.357,0.05
2346,13/01/20,2.341,0.05
2347,14/01/20,2.347,0.05
2348,15/01/20,2.32,0.05
2349,16/01/20,2.3225,0.05
2350,17/01/20,2.3365,0.05
2351,20/01/20,2.3185,0.05
2352,21/01/20,2.304,0.05
2353,22/01/20,2.28,0.05
2354,23/01/20,2.268,0.05
2355,24/01/20,2.278,0.05
2356,27/01/20,2.255,0.05
2357,28/01/20,2.3055,0.05
2358,29/01/20,2.32,0.05
2359,30/01/20,2.2915,0.05
2360,31/01/20,2.2455,0.05
2361,03/02/20,2.285,0.05
2362,04/02/20,2.3515,0.05
2363,05/02/20,2.4495,0.05
2364,06/02/20,2.4715,0.05
2365,07/02/20,2.476,0.05
2366,10/02/20,2.459,0.05
2367,11/02/20,2.4825,0.05
2368,12/02/20,2.5075,0.05
2369,13/02/20,2.51,0.05
2370,14/02/20,2.5075,0.05
2371,17/02/20,2.54,0.05
2372,18/02/20,2.6,0.05
2373,19/02/20,2.6035,0.05
2374,20/02/20,2.55,0.05
2375,21/02/20,2.5215,0.05
2376,24/02/20,2.3765,0.05
2377,25/02/20,2.33,0.05
2378,26/02/20,2.381,0.05
2379,27/02/20,2.2885,0.05
2380,28/02/20,2.1985,0.05
2381,02/03/20,2.1365,0.05
2382,03/03/20,2.119,0.05
2383,04/03/20,2.1275,0.05
2384,05/03/20,2.0465,0.05
2385,06/03/20,1.9772,0.05
2386,09/03/20,1.75,0.05
2387,10/03/20,1.7088,0.05
2388,11/03/20,1.7792,0.05
2389,12/03/20,1.4628,0.05
2390,13/03/20,1.5544,0.05
2391,16/03/20,1.4028,0.05
2392,17/03/20,1.4514,0.05
2393,18/03/20,1.4086,0.05
2394,19/03/20,1.4252,0.05
2395,20/03/20,1.4654,0.05
2396,23/03/20,1.4488,0.05
2397,24/03/20,1.5836,0.05
2398,25/03/20,1.6162,0.05
2399,26/03/20,1.631,0.05
2400,27/03/20,1.5666,0.05
2401,30/03/20,1.4708,0.05
2402,31/03/20,1.4884,0.05
2403,01/04/20,1.4348,0.05
2404,02/04/20,1.4378,0.05
2405,03/04/20,1.3292,0.05
2406,06/04/20,1.4582,0.05
2407,07/04/20,1.469,0.05
2408,08/04/20,1.4492,0.05
2409,09/04/20,1.445,0.05
2410,14/04/20,1.4062,0.05
2411,15/04/20,1.3484,0.05
2412,16/04/20,1.3602,0.05
2413,17/04/20,1.3762,0.05
2414,20/04/20,1.383,0.05
2415,21/04/20,1.32,0.05
2416,22/04/20,1.3382,0.05
2417,23/04/20,1.3844,0.05
2418,24/04/20,1.3438,0.05
2419,27/04/20,1.3952,0.05
2420,28/04/20,1.4472,0.05
2421,29/04/20,1.4804,0.05
2422,30/04/20,1.423,0.05
2423,04/05/20,1.376,0.05
2424,05/05/20,1.451,0.05
2425,06/05/20,1.4202,0.05
2426,07/05/20,1.4044,0.05
2427,08/05/20,1.414,0.05
2428,11/05/20,1.4094,0.05
2429,12/05/20,1.4208,0.05
2430,13/05/20,1.3936,0.05
2431,14/05/20,1.3836,0.05
2432,15/05/20,1.3838,0.05
2433,18/05/20,1.4522,0.05
2434,19/05/20,1.4308,0.05
2435,20/05/20,1.439,0.05
2436,21/05/20,1.422,0.05
2437,22/05/20,1.4446,0.05
2438,25/05/20,1.4576,0.05
2439,26/05/20,1.5012,0.05
2440,27/05/20,1.5384,0.05
2441,28/05/20,1.5586,0.05
2442,29/05/20,1.5524,0.05
2443,01/06/20,1.58,0.05
2444,02/06/20,1.625,0.05
2445,03/06/20,1.6732,0.05
2446,04/06/20,1.6938,0.05
2447,05/06/20,1.7728,0.05
2448,08/06/20,1.8034,0.05
2449,09/06/20,1.72,0.05
2450,10/06/20,1.7026,0.05
2451,11/06/20,1.6178,0.05
2452,12/06/20,1.622,0.05
2453,15/06/20,1.6266,0.05
2454,16/06/20,1.6992,0.05
2455,17/06/20,1.7038,0.05
2456,18/06/20,1.6858,0.05
2457,19/06/20,1.6848,0.05
2458,22/06/20,1.6824,0.05
2459,23/06/20,1.7114,0.05
2460,24/06/20,1.6668,0.05
2461,25/06/20,1.6848,0.05
2462,26/06/20,1.66,0.05
2463,29/06/20,1.702,0.05
2464,30/06/20,1.7036,0.05
2465,01/07/20,1.6906,0.05
2466,02/07/20,1.7528,0.05
2467,03/07/20,1.7468,0.05
2468,06/07/20,1.7922,0.05
2469,07/07/20,1.7866,0.05
2470,08/07/20,1.763,0.05
2471,09/07/20,1.7312,0.05
2472,10/07/20,1.7654,0.05
2473,13/07/20,1.7814,0.05
2474,14/07/20,1.781,0.05
2475,15/07/20,1.8144,0.05
2476,16/07/20,1.8394,0.05
2477,17/07/20,1.8318,0.05
2478,20/07/20,1.8544,0.05
2479,21/07/20,1.8848,0.05
2480,22/07/20,1.8762,0.05
2481,23/07/20,1.8492,0.05
2482,24/07/20,1.8154,0.05
2483,27/07/20,1.8014,0.05
2484,28/07/20,1.7862,0.05
2485,29/07/20,1.7894,0.05
2486,30/07/20,1.735,0.05
2487,31/07/20,1.7072,0.05
2488,03/08/20,1.7082,0.05
2489,04/08/20,1.7936,0.05
2490,05/08/20,1.8344,0.05
2491,06/08/20,1.8138,0.05
2492,07/08/20,1.8054,0.05
2493,10/08/20,1.814,0.05
2494,11/08/20,1.8612,0.05
2495,12/08/20,1.8828,0.05
2496,13/08/20,1.8656,0.05
2497,14/08/20,1.8516,0.05
2498,17/08/20,1.8244,0.05
2499,18/08/20,1.8148,0.05
2500,19/08/20,1.845,0.05
2501,20/08/20,1.8162,0.05
2502,21/08/20,1.8116,0.05
2503,24/08/20,1.8392,0.05
2504,25/08/20,1.834,0.05
2505,26/08/20,1.8426,0.05
2506,27/08/20,1.8038,0.05
2507,28/08/20,1.825,0.05
2508,31/08/20,1.8052,0.05
2509,01/09/20,1.8018,0.05
2510,02/09/20,1.7936,0.05
2511,03/09/20,1.7788,0.05
2512,04/09/20,1.7786,0.05
2513,07/09/20,1.7938,0.05
2514,08/09/20,1.762,0.05
2515,09/09/20,1.7902,0.05
2516,10/09/20,1.8012,0.05
2517,11/09/20,1.7792,0.05
2518,14/09/20,1.779,0.05
2519,15/09/20,1.7688,0.05
2520,16/09/20,1.7602,0.05
2521,17/09/20,1.7434,0.05
2522,18/09/20,1.7148,0.05
2523,21/09/20,1.6356,0.05
2524,22/09/20,1.6418,0.05
2525,23/09/20,1.6122,0.05
2526,24/09/20,1.608,0.05
2527,25/09/20,1.579,0.05
2528,28/09/20,1.6246,0.05
2529,29/09/20,1.6068,0.05
2530,30/09/20,1.603,0.05
2531,01/10/20,1.5864,0.05
2532,02/10/20,1.5924,0.05
2533,05/10/20,1.6332,0.05
2534,06/10/20,1.6684,0.05
2535,07/10/20,1.6488,0.05
2536,08/10/20,1.6754,0.05
2537,09/10/20,1.679,0.05
2538,12/10/20,1.6706,0.05
2539,13/10/20,1.6332,0.05
2540,14/10/20,1.6174,0.05
2541,15/10/20,1.5376,0.05
2542,16/10/20,1.5558,0.05
2543,19/10/20,1.5598,0.05
2544,20/10/20,1.58,0.05
2545,21/10/20,1.5358,0.05
2546,22/10/20,1.5368,0.05
2547,23/10/20,1.5612,0.05
2548,26/10/20,1.527,0.05
2549,27/10/20,1.4906,0.05
2550,28/10/20,1.418,0.05
2551,29/10/20,1.3992,0.05
2552,30/10/20,1.4196,0.05
2553,02/11/20,1.4824,0.05
2554,03/11/20,1.5406,0.05
2555,04/11/20,1.5978,0.05
2556,05/11/20,1.6372,0.05
2557,06/11/20,1.6168,0.05
2558,09/11/20,1.7658,0.05
2559,10/11/20,1.8442,0.05
2560,11/11/20,1.8248,0.05
2561,12/11/20,1.802,0.05
2562,13/11/20,1.8178,0.05
2563,16/11/20,1.84,0.05
2564,17/11/20,1.8492,0.05
2565,18/11/20,1.8734,0.05
2566,19/11/20,1.8542,0.05
2567,20/11/20,1.8704,0.05
2568,23/11/20,1.8634,0.05
2569,24/11/20,1.916,0.05
2570,25/11/20,1.9422,0.05
2571,26/11/20,1.9292,0.05
2572,27/11/20,1.9446,0.05
2573,30/11/20,1.9254,0.05
2574,01/12/20,1.977,0.05
2575,02/12/20,1.971,0.05
2576,03/12/20,1.9862,0.05
2577,04/12/20,1.9906,0.05
2578,07/12/20,1.9712,0.05
2579,08/12/20,1.969,0.05
2580,09/12/20,1.976,0.05
2581,10/12/20,1.9608,0.05
2582,11/12/20,1.9358,0.05
2583,14/12/20,1.9392,0.05
2584,15/12/20,1.975,0.05
2585,16/12/20,1.943,0.05
2586,17/12/20,1.9444,0.05
2587,18/12/20,1.9352,0.05
2588,21/12/20,1.8676,0.05
2589,22/12/20,1.8812,0.05
2590,23/12/20,1.913,0.05
2591,28/12/20,1.9224,0.05
2592,29/12/20,1.9198,0.05
2593,30/12/20,1.9126,0.05
2594,04/01/21,1.9052,0.05
2595,05/01/21,1.8844,0.05
2596,06/01/21,1.9482,0.05
2597,07/01/21,1.968,0.05
2598,08/01/21,1.955,0.05
2599,11/01/21,1.9428,0.05
2600,12/01/21,1.9382,0.05
2601,13/01/21,1.9292,0.05
2602,14/01/21,1.915,0.05
2603,15/01/21,1.902,0.05
2604,18/01/21,1.9172,0.05
2605,19/01/21,1.9104,0.05
2606,20/01/21,1.9264,0.05
2607,21/01/21,1.9172,0.05
2608,22/01/21,1.8842,0.05
2609,25/01/21,1.8232,0.05
2610,26/01/21,1.8396,0.05
2611,27/01/21,1.8076,0.05
2612,28/01/21,1.8336,0.05
2613,29/01/21,1.8052,0.05
2614,01/02/21,1.822,0.05
2615,02/02/21,1.871,0.05
2616,03/02/21,1.9512,0.05
2617,04/02/21,2.0085,0.05
2618,05/02/21,2.061,0.05
2619,08/02/21,2.09,0.05
2620,09/02/21,2.087,0.05
2621,10/02/21,2.08,0.05
2622,11/02/21,2.0865,0.05
2623,12/02/21,2.096,0.05
2624,15/02/21,2.1175,0.05
2625,16/02/21,2.1125,0.05
2626,17/02/21,2.096,0.05
2627,18/02/21,2.08,0.05
2628,19/02/21,2.1085,0.05
2629,22/02/21,2.1,0.05
2630,23/02/21,2.112,0.05
2631,24/02/21,2.1275,0.05
2632,25/02/21,2.152,0.05
2633,26/02/21,2.134,0.05
2634,01/03/21,2.16,0.05
2635,02/03/21,2.1545,0.05
2636,03/03/21,2.203,0.05
2637,04/03/21,2.192,0.05
2638,05/03/21,2.1945,0.05
2639,08/03/21,2.268,0.05
2640,09/03/21,2.2695,0.05
2641,10/03/21,2.274,0.05
2642,11/03/21,2.2665,0.05
2643,12/03/21,2.2805,0.05
2644,15/03/21,2.265,0.05
2645,16/03/21,2.294,0.05
2646,17/03/21,2.315,0.05
2647,18/03/21,2.349,0.05
2648,19/03/21,2.314,0.05
2649,22/03/21,2.2985,0.05
2650,23/03/21,2.289,0.05
2651,24/03/21,2.2955,0.05
2652,25/03/21,2.2945,0.05
2653,26/03/21,2.2975,0.05
2654,29/03/21,2.286,0.05
2655,30/03/21,2.3235,0.05
2656,31/03/21,2.3105,0.05
2657,01/04/21,2.318,0.05
2658,06/04/21,2.303,0.05
2659,07/04/21,2.3005,0.05
2660,08/04/21,2.263,0.05
2661,09/04/21,2.2535,0.05
2662,12/04/21,2.2605,0.05
2663,13/04/21,2.274,0.05
2664,14/04/21,2.281,0.05
2665,15/04/21,2.275,0.05
2666,16/04/21,2.2955,0.05
2667,19/04/21,2.31,0.05
2668,20/04/21,2.245,0.05
2669,21/04/21,2.22,0.05
2670,22/04/21,2.226,0.05
2671,23/04/21,2.221,0.05
2672,26/04/21,2.2725,0.05
2673,27/04/21,2.285,0.05
2674,28/04/21,2.2965,0.05
2675,29/04/21,2.3175,0.05
2676,30/04/21,2.321,0.05
2677,03/05/21,2.334,0.05
2678,04/05/21,2.308,0.05
2679,05/05/21,2.341,0.05
2680,06/05/21,2.359,0.05
2681,07/05/21,2.362,0.05
2682,10/05/21,2.3895,0.05
2683,11/05/21,2.3805,0.05
2684,12/05/21,2.3825,0.05
2685,13/05/21,2.3725,0.05
2686,14/05/21,2.3875,0.05
2687,17/05/21,2.41,0.05
2688,18/05/21,2.4025,0.05
2689,19/05/21,2.3515,0.05
2690,20/05/21,2.355,0.05
2691,21/05/21,2.374,0.05
2692,24/05/21,2.363,0.05
2693,25/05/21,2.361,0.05
2694,26/05/21,2.346,0.05
2695,27/05/21,2.394,0.05
2696,28/05/21,2.409,0.05
2697,31/05/21,2.4165,0.05
2698,01/06/21,2.4455,0.05
2699,02/06/21,2.4725,0.05
2700,03/06/21,2.476,0.05
2701,04/06/21,2.4805,0.05
2702,07/06/21,2.4855,0.05
2703,08/06/21,2.46,0.05
2704,09/06/21,2.4535,0.05
2705,10/06/21,2.439,0.05
2706,11/06/21,2.425,0.05
2707,14/06/21,2.45,0.05
2708,15/06/21,2.451,0.05
2709,16/06/21,2.415,0.05
2710,17/06/21,2.4165,0.05
2711,18/06/21,2.344,0.05
2712,21/06/21,2.3665,0.05
2713,22/06/21,2.342,0.05
2714,23/06/21,2.316,0.05
2715,24/06/21,2.364,0.05
2716,25/06/21,2.3855,0.05
2717,28/06/21,2.3295,0.05
2718,29/06/21,2.3565,0.05
2719,30/06/21,2.3295,0.05
2720,01/07/21,2.3555,0.05
2721,02/07/21,2.336,0.05
2722,05/07/21,2.369,0.05
2723,06/07/21,2.3205,0.05
2724,07/07/21,2.3035,0.05
2725,08/07/21,2.236,0.05
2726,09/07/21,2.284,0.05
2727,12/07/21,2.3055,0.05
2728,13/07/21,2.27,0.05
2729,14/07/21,2.2845,0.05
2730,15/07/21,2.256,0.05
2731,16/07/21,2.232,0.05
2732,19/07/21,2.1375,0.05
2733,20/07/21,2.179,0.05
2734,21/07/21,2.2365,0.05
2735,22/07/21,2.2505,0.05
2736,23/07/21,2.285,0.05
2737,26/07/21,2.3375,0.05
2738,27/07/21,2.3135,0.05
2739,28/07/21,2.32,0.05
2740,29/07/21,2.347,0.05
2741,30/07/21,2.3315,0.05
2742,02/08/21,2.3145,0.05
2743,03/08/21,2.3265,0.05
2744,04/08/21,2.34,0.05
2745,05/08/21,2.345,0.05
2746,06/08/21,2.3985,0.05
2747,09/08/21,2.4045,0.05
2748,10/08/21,2.408,0.05
2749,11/08/21,2.449,0.05
2750,12/08/21,2.439,0.05
2751,13/08/21,2.448,0.05
2752,16/08/21,2.4215,0.05
2753,17/08/21,2.3885,0.05
2754,18/08/21,2.4075,0.05
2755,19/08/21,2.3565,0.05
2756,20/08/21,2.369,0.05
2757,23/08/21,2.386,0.05
2758,24/08/21,2.38,0.05
2759,25/08/21,2.39,0.05
2760,26/08/21,2.364,0.05
2761,27/08/21,2.378,0.05
2762,30/08/21,2.369,0.05
2763,31/08/21,2.3975,0.05
2764,01/09/21,2.4215,0.05
2765,02/09/21,2.4095,0.05
2766,03/09/21,2.3875,0.05
2767,06/09/21,2.403,0.05
2768,07/09/21,2.3835,0.05
2769,08/09/21,2.359,0.05
2770,09/09/21,2.3715,0.05
2771,10/09/21,2.3465,0.05
2772,13/09/21,2.394,0.05
2773,14/09/21,2.3865,0.05
2774,15/09/21,2.377,0.05
2775,16/09/21,2.4075,0.05
2776,17/09/21,2.374,0.05
2777,20/09/21,2.302,0.05
2778,21/09/21,2.322,0.05
2779,22/09/21,2.373,0.05
2780,23/09/21,2.4275,0.05
2781,24/09/21,2.4245,0.05
2782,27/09/21,2.472,0.05
2783,28/09/21,2.4295,0.05
2784,29/09/21,2.459,0.05
2785,30/09/21,2.4535,0.05
2786,01/10/21,2.449,0.05
2787,04/10/21,2.4215,0.05
2788,05/10/21,2.503,0.05
2789,06/10/21,2.475,0.05
2790,07/10/21,2.51,0.05
2791,08/10/21,2.5175,0.05
2792,11/10/21,2.5035,0.05
2793,12/10/21,2.5125,0.05
2794,13/10/21,2.495,0.05
2795,14/10/21,2.5235,0.05
2796,15/10/21,2.575,0.05
2797,18/10/21,2.4915,0.05
2798,19/10/21,2.451,0.05
2799,20/10/21,2.467,0.05
2800,21/10/21,2.445,0.05
2801,22/10/21,2.4515,0.05
2802,25/10/21,2.463,0.05
2803,26/10/21,2.4815,0.05
2804,27/10/21,2.453,0.05
2805,28/10/21,2.438,0.05
2806,29/10/21,2.4575,0.05
2807,01/11/21,2.495,0.05
2808,02/11/21,2.512,0.05
2809,03/11/21,2.502,0.05
2810,04/11/21,2.4565,0.05
2811,05/11/21,2.4835,0.05
2812,08/11/21,2.4925,0.05
2813,09/11/21,2.4705,0.05
2814,10/11/21,2.477,0.05
2815,11/11/21,2.472,0.05
2816,12/11/21,2.4715,0.05
2817,15/11/21,2.49,0.05
2818,16/11/21,2.4825,0.05
2819,17/11/21,2.482,0.05
2820,18/11/21,2.467,0.05
2821,19/11/21,2.384,0.05
2822,22/11/21,2.327,0.05
2823,23/11/21,2.302,0.05
2824,24/11/21,2.3025,0.05
2825,25/11/21,2.288,0.05
2826,26/11/21,2.1565,0.05
2827,29/11/21,2.143,0.05
2828,30/11/21,2.1155,0.05
2829,01/12/21,2.1685,0.05
2830,02/12/21,2.1475,0.05
2831,03/12/21,2.1465,0.05
2832,06/12/21,2.213,0.05
2833,07/12/21,2.258,0.05
2834,08/12/21,2.231,0.05
2835,09/12/21,2.225,0.05
2836,10/12/21,2.2155,0.05
2837,13/12/21,2.205,0.05
2838,14/12/21,2.2245,0.05
2839,15/12/21,2.2015,0.05
2840,16/12/21,2.2425,0.05
2841,17/12/21,2.2055,0.05
2842,20/12/21,2.182,0.05
2843,21/12/21,2.2325,0.05
2844,22/12/21,2.2305,0.05
2845,23/12/21,2.251,0.05
2846,27/12/21,2.2625,0.05
2847,28/12/21,2.2835,0.05
2848,29/12/21,2.277,0.05
2849,30/12/21,2.274,0.05
2850,03/01/22,2.345,0.05
2851,04/01/22,2.394,0.05
2852,05/01/22,2.418,0.05
2853,06/01/22,2.433,0.05
2854,07/01/22,2.4515,0.05
2855,10/01/22,2.463,0.05
2856,11/01/22,2.482,0.05
2857,12/01/22,2.5455,0.05
2858,13/01/22,2.5605,0.05
2859,14/01/22,2.562,0.05
2860,17/01/22,2.5775,0.05
2861,18/01/22,2.575,0.05
2862,19/01/22,2.534,0.05
2863,20/01/22,2.5515,0.05
2864,21/01/22,2.552,0.05
2865,24/01/22,2.4665,0.05
2866,25/01/22,2.489,0.05
2867,26/01/22,2.5645,0.05
2868,27/01/22,2.6125,0.05
2869,28/01/22,2.597,0.05
2870,31/01/22,2.6195,0.05
2871,01/02/22,2.67,0.05
2872,02/02/22,2.697,0.05
2873,03/02/22,2.728,0.05
2874,04/02/22,2.667,0.05
2875,07/02/22,2.715,0.05
2876,08/02/22,2.7695,0.05
2877,09/02/22,2.8535,0.05
2878,10/02/22,2.92,0.05
2879,11/02/22,2.8535,0.05
2880,14/02/22,2.7675,0.05
2881,15/02/22,2.853,0.05
2882,16/02/22,2.791,0.05
2883,17/02/22,2.739,0.05
2884,18/02/22,2.722,0.05
2885,21/02/22,2.674,0.05
2886,22/02/22,2.66,0.05
2887,23/02/22,2.6205,0.05
2888,24/02/22,2.412,0.05
2889,25/02/22,2.4775,0.05
2890,28/02/22,2.2935,0.05
2891,01/03/22,2.1165,0.05
2892,02/03/22,2.146,0.05
2893,03/03/22,2.084,0.05
2894,04/03/22,1.8962,0.05
2895,07/03/22,1.8432,0.05
2896,08/03/22,1.8656,0.05
2897,09/03/22,2.0725,0.05
2898,10/03/22,1.9148,0.05
2899,11/03/22,1.9194,0.05
2900,14/03/22,1.99,0.05
2901,15/03/22,2.008,0.05
2902,16/03/22,2.148,0.05
2903,17/03/22,2.072,0.05
2904,18/03/22,2.086,0.05
2905,21/03/22,2.0665,0.05
2906,22/03/22,2.1,0.05
2907,23/03/22,2.048,0.05
2908,24/03/22,2.031,0.05
2909,25/03/22,2.033,0.05
2910,28/03/22,2.0445,0.05
2911,29/03/22,2.161,0.05
2912,30/03/22,2.134,0.05
2913,31/03/22,2.0835,0.05
2914,01/04/22,2.105,0.05
2915,04/04/22,2.095,0.05
2916,05/04/22,2.042,0.05
2917,06/04/22,1.9822,0.05
2918,07/04/22,1.9516,0.05
2919,08/04/22,1.982,0.05
2920,11/04/22,1.9808,0.05
2921,12/04/22,1.9412,0.05
2922,13/04/22,1.9442,0.05
2923,14/04/22,1.971,0.05
2924,19/04/22,1.973,0.05
2925,20/04/22,2.0205,0.05
2926,21/04/22,2.025,0.05
2927,22/04/22,1.9828,0.05
2928,25/04/22,1.9486,0.05
2929,26/04/22,1.918,0.05
2930,27/04/22,1.9208,0.05
2931,28/04/22,1.926,0.05
2932,29/04/22,1.9548,0.05
2933,02/05/22,1.9224,0.05
2934,03/05/22,1.9602,0.05
2935,04/05/22,1.9252,0.05
2936,05/05/22,1.9246,0.05
2937,06/05/22,1.88,0.05
2938,09/05/22,1.83,0.05
2939,10/05/22,1.8616,0.05
2940,11/05/22,1.94,0.05
2941,12/05/22,1.9622,0.05
2942,13/05/22,1.9724,0.05
2943,16/05/22,1.9544,0.05
2944,17/05/22,1.99,0.05
2945,18/05/22,1.9904,0.05
2946,19/05/22,1.988,0.05
2947,20/05/22,1.983,0.05
2948,23/05/22,1.9752,0.05
2949,24/05/22,1.9792,0.05
2950,25/05/22,2.033,0.05
2951,26/05/22,2.0515,0.05
2952,27/05/22,2.047,0.05
2953,30/05/22,2.0595,0.05
2954,31/05/22,2.0305,0.05
2955,01/06/22,2.0,0.05
2956,02/06/22,2.0,0.05
2957,03/06/22,1.973,0.05
2958,06/06/22,2.0375,0.05
2959,07/06/22,2.0025,0.05
2960,08/06/22,1.99,0.05
2961,09/06/22,1.9668,0.05
2962,10/06/22,1.8216,0.05
2963,13/06/22,1.759,0.05
2964,14/06/22,1.77,0.05
2965,15/06/22,1.8514,0.05
2966,16/06/22,1.793,0.05
2967,17/06/22,1.8036,0.05
2968,20/06/22,1.8726,0.05
2969,21/06/22,1.886,0.05
2970,22/06/22,1.8806,0.05
2971,23/06/22,1.84,0.05
2972,24/06/22,1.8822,0.05
2973,27/06/22,1.8934,0.05
2974,28/06/22,1.8986,0.05
2975,29/06/22,1.876,0.05
2976,30/06/22,1.78,0.05
2977,01/07/22,1.7676,0.05
2978,04/07/22,1.7252,0.05
2979,05/07/22,1.6714,0.05
2980,06/07/22,1.6782,0.05
2981,07/07/22,1.7452,0.05
2982,08/07/22,1.7626,0.05
2983,11/07/22,1.732,0.05
2984,12/07/22,1.7076,0.05
2985,13/07/22,1.7008,0.05
2986,14/07/22,1.6066,0.05
2987,15/07/22,1.632,0.05
2988,18/07/22,1.674,0.05
2989,19/07/22,1.7726,0.05
2990,20/07/22,1.7104,0.05
2991,21/07/22,1.663,0.05
2992,22/07/22,1.66,0.05
2993,25/07/22,1.688,0.05
2994,26/07/22,1.6568,0.05
2995,27/07/22,1.6772,0.05
2996,28/07/22,1.7058,0.05
2997,29/07/22,1.7286,0.05
2998,01/08/22,1.7492,0.05
2999,02/08/22,1.747,0.05
3000,03/08/22,1.7738,0.05
3001,04/08/22,1.783,0.05
3002,05/08/22,1.814,0.05
3003,08/08/22,1.8172,0.05
3004,09/08/22,1.816,0.05
3005,10/08/22,1.8326,0.05
3006,11/08/22,1.84,0.05
3007,12/08/22,1.8538,0.05
3008,16/08/22,1.8548,0.05
3009,17/08/22,1.8286,0.05
3010,18/08/22,1.827,0.05
3011,19/08/22,1.7732,0.05
3012,22/08/22,1.7184,0.05
3013,23/08/22,1.7496,0.05
3014,24/08/22,1.7636,0.05
3015,25/08/22,1.7384,0.05
3016,26/08/22,1.685,0.05
3017,29/08/22,1.7014,0.05
3018,30/08/22,1.7294,0.05
3019,31/08/22,1.723,0.05
3020,01/09/22,1.6938,0.05
3021,02/09/22,1.7382,0.05
3022,05/09/22,1.697,0.05
3023,06/09/22,1.7038,0.05
3024,07/09/22,1.7,0.05
3025,08/09/22,1.7404,0.05
3026,09/09/22,1.8332,0.05
3027,12/09/22,1.896,0.05
3028,13/09/22,1.8812,0.05
3029,14/09/22,1.9002,0.05
3030,15/09/22,1.92,0.05
3031,16/09/22,1.915,0.05
3032,19/09/22,1.9154,0.05
3033,20/09/22,1.8492,0.05
3034,21/09/22,1.8366,0.05
3035,22/09/22,1.852,0.05
3036,23/09/22,1.764,0.05
3037,26/09/22,1.7684,0.05
3038,27/09/22,1.7272,0.05
3039,28/09/22,1.6986,0.05
3040,29/09/22,1.655,0.05
3041,30/09/22,1.7028,0.05
3042,03/10/22,1.734,0.05
3043,04/10/22,1.788,0.05
3044,05/10/22,1.7412,0.05
3045,06/10/22,1.7122,0.05
3046,07/10/22,1.7056,0.05
3047,10/10/22,1.7076,0.05
3048,11/10/22,1.6954,0.05
3049,12/10/22,1.6754,0.05
3050,13/10/22,1.7064,0.05
3051,14/10/22,1.7124,0.05
3052,17/10/22,1.743,0.05
3053,18/10/22,1.8028,0.05
3054,19/10/22,1.7916,0.05
3055,20/10/22,1.829,0.05
3056,21/10/22,1.8276,0.05
3057,24/10/22,1.8558,0.05
3058,25/10/22,1.8646,0.05
3059,26/10/22,1.8658,0.05
3060,27/10/22,1.9058,0.05
3061,28/10/22,1.9052,0.05
3062,31/10/22,1.929,0.05
3063,01/11/22,1.9452,0.05
3064,02/11/22,1.9448,0.05
3065,03/11/22,1.9696,0.05
3066,04/11/22,2.065,0.05
3067,07/11/22,2.129,0.05
3068,08/11/22,2.148,0.05
3069,09/11/22,2.154,0.05
3070,10/11/22,2.177,0.05
3071,11/11/22,2.1605,0.05
3072,14/11/22,2.1865,0.05
3073,15/11/22,2.19,0.05
3074,16/11/22,2.1905,0.05
3075,17/11/22,2.178,0.05
3076,18/11/22,2.2165,0.05
3077,21/11/22,2.141,0.05
3078,22/11/22,2.1605,0.05
3079,23/11/22,2.1445,0.05
3080,24/11/22,2.16,0.05
3081,25/11/22,2.1585,0.05
3082,28/11/22,2.116,0.05
3083,29/11/22,2.1345,0.05
3084,30/11/22,2.122,0.05
3085,01/12/22,2.0845,0.05
3086,02/12/22,2.0965,0.05
3087,05/12/22,2.0785,0.05
3088,06/12/22,2.0665,0.05
3089,07/12/22,2.0615,0.05
3090,08/12/22,2.0575,0.05
3091,09/12/22,2.067,0.05
3092,12/12/22,2.0685,0.05
3093,13/12/22,2.101,0.05
3094,14/12/22,2.0875,0.05
3095,15/12/22,1.9944,0.05
3096,16/12/22,2.058,0.05
3097,19/12/22,2.0345,0.05
3098,20/12/22,2.0755,0.05
3099,21/12/22,2.1005,0.05
3100,22/12/22,2.084,0.05
3101,23/12/22,2.0925,0.05
3102,27/12/22,2.082,0.05
3103,28/12/22,2.0805,0.05
3104,29/12/22,2.107,0.05
3105,30/12/22,2.078,0.05
3106,02/01/23,2.123,0.05
3107,03/01/23,2.1725,0.05
3108,04/01/23,2.2285,0.05
3109,05/01/23,2.215,0.05
3110,06/01/23,2.2335,0.05
3111,09/01/23,2.2285,0.05
3112,10/01/23,2.25,0.05
3113,11/01/23,2.2595,0.05
3114,12/01/23,2.284,0.05
3115,13/01/23,2.288,0.05
3116,16/01/23,2.285,0.05
3117,17/01/23,2.261,0.05
3118,18/01/23,2.25,0.05
3119,19/01/23,2.223,0.05
3120,20/01/23,2.1805,0.05
3121,23/01/23,2.2395,0.05
3122,24/01/23,2.2855,0.05
3123,25/01/23,2.295,0.05
3124,26/01/23,2.3425,0.05
3125,27/01/23,2.351,0.05
3126,30/01/23,2.344,0.05
3127,31/01/23,2.41,0.05
3128,01/02/23,2.453,0.05
3129,02/02/23,2.455,0.05
3130,03/02/23,2.383,0.05
3131,06/02/23,2.447,0.05
3132,07/02/23,2.4685,0.05
3133,08/02/23,2.469,0.05
3134,09/02/23,2.504,0.05
3135,10/02/23,2.477,0.05
3136,13/02/23,2.499,0.05
3137,14/02/23,2.5025,0.05
3138,15/02/23,2.495,0.05
3139,16/02/23,2.551,0.05
3140,17/02/23,2.5645,0.05
3141,20/02/23,2.554,0.05
3142,21/02/23,2.553,0.05
3143,22/02/23,2.4765,0.05
3144,23/02/23,2.514,0.05
3145,24/02/23,2.495,0.05
3146,27/02/23,2.533,0.05
3147,28/02/23,2.5615,0.05
3148,01/03/23,2.537,0.05
3149,02/03/23,2.542,0.05
3150,03/03/23,2.5745,0.05
3151,06/03/23,2.5925,0.05
3152,07/03/23,2.565,0.05
3153,08/03/23,2.5725,0.05
3154,09/03/23,2.5315,0.05
3155,10/03/23,2.482,0.05
3156,13/03/23,2.3305,0.05
3157,14/03/23,2.4085,0.05
3158,15/03/23,2.2435,0.05
3159,16/03/23,2.248,0.05
3160,17/03/23,2.193,0.05
3161,20/03/23,2.275,0.05
3162,21/03/23,2.355,0.05
3163,22/03/23,2.343,0.05
3164,23/03/23,2.319,0.05
3165,24/03/23,2.263,0.05
3166,27/03/23,2.2715,0.05
3167,28/03/23,2.2935,0.05
3168,29/03/23,2.328,0.05
3169,30/03/23,2.365,0.05
3170,31/03/23,2.3675,0.05
3171,03/04/23,2.365,0.05
3172,04/04/23,2.328,0.05
3173,05/04/23,2.309,0.05
3174,06/04/23,2.358,0.05
3175,11/04/23,2.377,0.05
3176,12/04/23,2.3955,0.05
3177,13/04/23,2.388,0.05
3178,14/04/23,2.4685,0.05
3179,17/04/23,2.4415,0.05
3180,18/04/23,2.478,0.05
3181,19/04/23,2.4985,0.05
3182,20/04/23,2.4895,0.05
3183,21/04/23,2.4845,0.05
3184,24/04/23,2.507,0.05
3185,25/04/23,2.461,0.05
3186,26/04/23,2.434,0.05
3187,27/04/23,2.458,0.05
3188,28/04/23,2.3845,0.05
3189,02/05/23,2.3285,0.05
3190,03/05/23,2.369,0.05
3191,04/05/23,2.3455,0.05
3192,05/05/23,2.432,0.05
3193,08/05/23,2.463,0.05
3194,09/05/23,2.4565,0.05
3195,10/05/23,2.4155,0.05
3196,11/05/23,2.4015,0.05
3197,12/05/23,2.428,0.05
3198,15/05/23,2.4205,0.05
3199,16/05/23,2.41,0.05
3200,17/05/23,2.403,0.05
3201,18/05/23,2.3895,0.05
3202,19/05/23,2.4165,0.05
3203,22/05/23,2.341,0.05
3204,23/05/23,2.342,0.05
3205,24/05/23,2.252,0.05
3206,25/05/23,2.251,0.05
3207,26/05/23,2.245,0.05
3208,29/05/23,2.2255,0.05
3209,30/05/23,2.21,0.05
3210,31/05/23,2.1555,0.05
3211,01/06/23,2.23,0.05
3212,02/06/23,2.2715,0.05
3213,05/06/23,2.259,0.05
3214,06/06/23,2.2855,0.05
3215,07/06/23,2.303,0.05
3216,08/06/23,2.324,0.05
3217,09/06/23,2.3095,0.05
3218,12/06/23,2.306,0.05
3219,13/06/23,2.312,0.05
3220,14/06/23,2.35,0.05
3221,15/06/23,2.358,0.05
3222,16/06/23,2.373,0.05
3223,19/06/23,2.3945,0.05
3224,20/06/23,2.3865,0.05
3225,21/06/23,2.406,0.05
3226,22/06/23,2.379,0.05
3227,23/06/23,2.335,0.05
3228,26/06/23,2.332,0.05
3229,27/06/23,2.3615,0.05
3230,28/06/23,2.3635,0.05
3231,29/06/23,2.386,0.05
3232,30/06/23,2.4,0.05
3233,03/07/23,2.437,0.05
3234,04/07/23,2.4205,0.05
3235,05/07/23,2.409,0.05
3236,06/07/23,2.3405,0.05
3237,07/07/23,2.349,0.05
3238,10/07/23,2.357,0.05
3239,11/07/23,2.3805,0.05
3240,12/07/23,2.408,0.05
3241,13/07/23,2.444,0.05
3242,14/07/23,2.4305,0.05
3243,17/07/23,2.435,0.05
3244,18/07/23,2.466,0.05
3245,19/07/23,2.492,0.05
3246,20/07/23,2.522,0.05
3247,21/07/23,2.531,0.05
3248,24/07/23,2.536,0.05
3249,25/07/23,2.539,0.05
3250,26/07/23,2.539,0.05
3251,27/07/23,2.573,0.05
3252,28/07/23,2.6095,0.05
3253,31/07/23,2.629,0.05
3254,01/08/23,2.609,0.05
3255,02/08/23,2.563,0.05
3256,03/08/23,2.5455,0.05
3257,04/08/23,2.5435,0.05
3258,07/08/23,2.56,0.05
3259,08/08/23,2.338,0.05
3260,09/08/23,2.3925,0.05
3261,10/08/23,2.438,0.05
3262,11/08/23,2.4395,0.05
3263,14/08/23,2.445,0.05
3264,16/08/23,2.429,0.05
3265,17/08/23,2.4195,0.05
3266,18/08/23,2.411,0.05
3267,21/08/23,2.439,0.05
3268,22/08/23,2.4595,0.05
3269,23/08/23,2.455,0.05
3270,24/08/23,2.448,0.05
3271,25/08/23,2.4495,0.05
3272,28/08/23,2.477,0.05
3273,29/08/23,2.4925,0.05
3274,30/08/23,2.502,0.05
3275,31/08/23,2.472,0.05
3276,01/09/23,2.4595,0.05
3277,04/09/23,2.4545,0.05
3278,05/09/23,2.4465,0.05
3279,06/09/23,2.3915,0.05
3280,07/09/23,2.385,0.05
3281,08/09/23,2.4135,0.05
3282,11/09/23,2.48,0.05
3283,12/09/23,2.4755,0.05
3284,13/09/23,2.4625,0.05
3285,14/09/23,2.475,0.05
3286,15/09/23,2.469,0.05
3287,18/09/23,2.43,0.05
3288,19/09/23,2.4415,0.05
3289,20/09/23,2.5135,0.05
3290,21/09/23,2.493,0.05
3291,22/09/23,2.461,0.05
3292,25/09/23,2.4595,0.05
3293,26/09/23,2.426,0.05
3294,27/09/23,2.423,0.05
3295,28/09/23,2.4495,0.05
3296,29/09/23,2.44,0.05
3297,02/10/23,2.411,0.05
3298,03/10/23,2.386,0.05
3299,04/10/23,2.3625,0.05
3300,05/10/23,2.364,0.05
3301,06/10/23,2.4015,0.05
3302,09/10/23,2.3765,0.05
3303,10/10/23,2.425,0.05
3304,11/10/23,2.443,0.05
3305,12/10/23,2.4475,0.05
3306,13/10/23,2.406,0.05
3307,16/10/23,2.4165,0.05
3308,17/10/23,2.428,0.05
3309,18/10/23,2.4,0.05
3310,19/10/23,2.375,0.05
3311,20/10/23,2.344,0.05
3312,23/10/23,2.3735,0.05
3313,24/10/23,2.3615,0.05
3314,25/10/23,2.356,0.05
3315,26/10/23,2.37,0.05
3316,27/10/23,2.3775,0.05
3317,30/10/23,2.4015,0.05
3318,31/10/23,2.4565,0.05
3319,01/11/23,2.491,0.05
3320,02/11/23,2.524,0.05
3321,03/11/23,2.5635,0.05
3322,06/11/23,2.566,0.05
3323,07/11/23,2.564,0.05
3324,08/11/23,2.5685,0.05
3325,09/11/23,2.578,0.05
3326,10/11/23,2.566,0.05
3327,13/11/23,2.6025,0.05
3328,14/11/23,2.6295,0.05
3329,15/11/23,2.6455,0.05
3330,16/11/23,2.6465,0.05
3331,17/11/23,2.6845,0.05
3332,20/11/23,2.5625,0.05
3333,21/11/23,2.5255,0.05
3334,22/11/23,2.541,0.05
3335,23/11/23,2.5595,0.05
3336,24/11/23,2.5995,0.05
3337,27/11/23,2.6,0.05
3338,28/11/23,2.6245,0.05
3339,29/11/23,2.6465,0.05
3340,30/11/23,2.6415,0.05
3341,01/12/23,2.666,0.05
3342,04/12/23,2.695,0.05
3343,05/12/23,2.6835,0.05
3344,06/12/23,2.7055,0.05
3345,07/12/23,2.6775,0.05
3346,08/12/23,2.7,0.05
3347,11/12/23,2.691,0.05
3348,12/12/23,2.682,0.05
3349,13/12/23,2.6805,0.05
3350,14/12/23,2.6215,0.05
3351,15/12/23,2.635,0.05
3352,18/12/23,2.625,0.05
3353,19/12/23,2.652,0.05
3354,20/12/23,2.637,0.05
3355,21/12/23,2.63,0.05
3356,22/12/23,2.647,0.05
3357,27/12/23,2.6565,0.05
3358,28/12/23,2.6425,0.05
3359,29/12/23,2.6435,0.05
3360,02/01/24,2.6945,0.05
3361,03/01/24,2.692,0.05
3362,04/01/24,2.7545,0.05
3363,05/01/24,2.7875,0.05
3364,08/01/24,2.7955,0.05
3365,09/01/24,2.757,0.05
3366,10/01/24,2.7485,0.05
3367,11/01/24,2.727,0.05
3368,12/01/24,2.727,0.05
3369,15/01/24,2.723,0.05
3370,16/01/24,2.716,0.05
3371,17/01/24,2.7285,0.05
3372,18/01/24,2.75,0.05
3373,19/01/24,2.7555,0.05
3374,22/01/24,2.768,0.05
3375,23/01/24,2.772,0.05
3376,24/01/24,2.8345,0.05
3377,25/01/24,2.808,0.05
3378,26/01/24,2.811,0.05
3379,29/01/24,2.782,0.05
3380,30/01/24,2.877,0.05
3381,31/01/24,2.863,0.05
3382,01/02/24,2.803,0.05
3383,02/02/24,2.8,0.05
3384,05/02/24,2.8655,0.05
3385,06/02/24,2.902,0.05
3386,07/02/24,2.84,0.05
3387,08/02/24,2.817,0.05
3388,09/02/24,2.7855,0.05
3389,12/02/24,2.8235,0.05
3390,13/02/24,2.806,0.05
3391,14/02/24,2.8155,0.05
3392,15/02/24,2.8285,0.05
3393,16/02/24,2.825,0.05
3394,19/02/24,2.839,0.05
3395,20/02/24,2.8495,0.05
3396,21/02/24,2.8855,0.05
3397,22/02/24,2.8965,0.05
3398,23/02/24,2.939,0.05
3399,26/02/24,2.9545,0.05
3400,27/02/24,2.9525,0.05
3401,28/02/24,2.95,0.05
3402,29/02/24,2.938,0.05
3403,01/03/24,3.0045,0.05
3404,04/03/24,3.0,0.05
3405,05/03/24,3.0605,0.05
3406,06/03/24,3.103,0.05
3407,07/03/24,3.087,0.05
3408,08/03/24,3.1025,0.05
3409,11/03/24,3.071,0.05
3410,12/03/24,3.142,0.05
3411,13/03/24,3.183,0.05
3412,14/03/24,3.171,0.05
3413,15/03/24,3.2275,0.05
3414,18/03/24,3.229,0.05
3415,19/03/24,3.276,0.05
3416,20/03/24,3.271,0.05
3417,21/03/24,3.293,0.05
3418,22/03/24,3.295,0.05
3419,25/03/24,3.3215,0.05
3420,26/03/24,3.3455,0.05
3421,27/03/24,3.348,0.05
3422,28/03/24,3.363,0.05
3423,02/04/24,3.3475,0.05
3424,03/04/24,3.403,0.05
3425,04/04/24,3.385,0.05
3426,05/04/24,3.329,0.05
3427,08/04/24,3.356,0.05
3428,09/04/24,3.3115,0.05
3429,10/04/24,3.35,0.05
3430,11/04/24,3.282,0.05
3431,12/04/24,3.29,0.05
3432,15/04/24,3.3265,0.05
3433,16/04/24,3.252,0.05
3434,17/04/24,3.299,0.05
3435,18/04/24,3.3495,0.05
3436,19/04/24,3.377,0.05
3437,22/04/24,3.4285,0.05
3438,23/04/24,3.5195,0.05
3439,24/04/24,3.517,0.05
3440,25/04/24,3.503,0.05
3441,26/04/24,3.55,0.05
3442,29/04/24,3.543,0.05
3443,30/04/24,3.526,0.05
3444,02/05/24,3.574,0.05
3445,03/05/24,3.462,0.05
3446,06/05/24,3.563,0.05
3447,07/05/24,3.5985,0.05
3448,08/05/24,3.5935,0.05
3449,09/05/24,3.5795,0.05
3450,10/05/24,3.6005,0.05
3451,13/05/24,3.6265,0.05
3452,14/05/24,3.703,0.05
3453,15/05/24,3.727,0.05
3454,16/05/24,3.733,0.05
3455,17/05/24,3.769,0.05
3456,20/05/24,3.559,0.05
3457,21/05/24,3.55,0.05
3458,22/05/24,3.5395,0.05
3459,23/05/24,3.544,0.05
3460,24/05/24,3.551,0.05
3461,27/05/24,3.564,0.05
3462,28/05/24,3.6065,0.05
3463,29/05/24,3.532,0.05
3464,30/05/24,3.613,0.05
3465,31/05/24,3.606,0.05
3466,03/06/24,3.64,0.05
3467,04/06/24,3.5475,0.05
3468,05/06/24,3.543,0.05
3469,06/06/24,3.601,0.05
3470,07/06/24,3.587,0.05
3471,10/06/24,3.568,0.05
3472,11/06/24,3.4765,0.05
3473,12/06/24,3.5305,0.05
3474,13/06/24,3.415,0.05
3475,14/06/24,3.33,0.05
3476,17/06/24,3.3655,0.05
3477,18/06/24,3.419,0.05
3478,19/06/24,3.46,0.05
3479,20/06/24,3.4935,0.05
3480,21/06/24,3.453,0.05
3481,24/06/24,3.532,0.05
3482,25/06/24,3.5165,0.05
3483,26/06/24,3.5265,0.05
3484,27/06/24,3.4645,0.05
3485,28/06/24,3.471,0.05
3486,01/07/24,3.5815,0.05
3487,02/07/24,3.53,0.05
3488,03/07/24,3.564,0.05
3489,04/07/24,3.5795,0.05
3490,05/07/24,3.5495,0.05
3491,08/07/24,3.566,0.05
3492,09/07/24,3.553,0.05
3493,10/07/24,3.5745,0.05
3494,11/07/24,3.591,0.05
3495,12/07/24,3.6195,0.05
3496,15/07/24,3.608,0.05
3497,16/07/24,3.623,0.05
3498,17/07/24,3.648,0.05
3499,18/07/24,3.6675,0.05
3500,19/07/24,3.645,0.05
3501,22/07/24,3.715,0.05
3502,23/07/24,3.744,0.05
3503,24/07/24,3.725,0.05
3504,25/07/24,3.6995,0.05
3505,26/07/24,3.7045,0.05
3506,29/07/24,3.6675,0.05
3507,30/07/24,3.7975,0.05
3508,31/07/24,3.7505,0.05
3509,01/08/24,3.6035,0.05
3510,02/08/24,3.4445,0.05
3511,05/08/24,3.411,0.05
3512,06/08/24,3.362,0.05
3513,07/08/24,3.455,0.05
3514,08/08/24,3.4435,0.05
3515,09/08/24,3.452,0.05
3516,12/08/24,3.4705,0.05
3517,13/08/24,3.4645,0.05
3518,14/08/24,3.489,0.05
3519,16/08/24,3.597,0.05
3520,19/08/24,3.614,0.05
3521,20/08/24,3.5945,0.05
3522,21/08/24,3.616,0.05
3523,22/08/24,3.622,0.05
3524,23/08/24,3.6775,0.05
3525,26/08/24,3.663,0.05
3526,27/08/24,3.7,0.05
3527,28/08/24,3.7015,0.05
3528,29/08/24,3.7285,0.05
3529,30/08/24,3.7645,0.05
3530,02/09/24,3.7735,0.05
3531,03/09/24,3.7115,0.05
3532,04/09/24,3.714,0.05
3533,05/09/24,3.751,0.05
3534,06/09/24,3.6665,0.05
3535,09/09/24,3.7265,0.05
3536,10/09/24,3.689,0.05
3537,11/09/24,3.6955,0.05
3538,12/09/24,3.734,0.05
3539,13/09/24,3.755,0.05
3540,16/09/24,3.739,0.05
3541,17/09/24,3.765,0.05
3542,18/09/24,3.768,0.05
3543,19/09/24,3.802,0.05
3544,20/09/24,3.825,0.05
3545,23/09/24,3.753,0.05
3546,24/09/24,3.7775,0.05
3547,25/09/24,3.7775,0.05
3548,26/09/24,3.876,0.05
3549,27/09/24,3.8705,0.05
3550,30/09/24,3.8375,0.05
3551,01/10/24,3.7355,0.05
3552,02/10/24,3.716,0.05
3553,03/10/24,3.686,0.05
3554,04/10/24,3.7635,0.05
3555,07/10/24,3.803,0.05
3556,08/10/24,3.786,0.05
3557,09/10/24,3.808,0.05
3558,10/10/24,3.85,0.05
3559,11/10/24,3.891,0.05
3560,14/10/24,3.9225,0.05
3561,15/10/24,3.9305,0.05
3562,16/10/24,3.92,0.05
3563,17/10/24,3.9705,0.05
3564,18/10/24,4.0,0.05
3565,21/10/24,3.9645,0.05
3566,22/10/24,3.931,0.05
3567,23/10/24,3.884,0.05
3568,24/10/24,3.8795,0.05
3569,25/10/24,3.876,0.05
3570,28/10/24,3.9265,0.05
3571,29/10/24,3.973,0.05
3572,30/10/24,3.9445,0.05
3573,31/10/24,3.937,0.05
3574,01/11/24,4.0335,0.05
3575,04/11/24,4.0685,0.05
3576,05/11/24,4.1,0.05
3577,06/11/24,3.972,0.05
3578,07/11/24,3.855,0.05
3579,08/11/24,3.8355,0.05
3580,11/11/24,3.899,0.05
3581,12/11/24,3.8035,0.05
3582,13/11/24,3.823,0.05
3583,14/11/24,3.905,0.05
3584,15/11/24,3.9,0.05
3585,18/11/24,3.756,0.05
3586,19/11/24,3.7145,0.05
3587,20/11/24,3.6965,0.05
3588,21/11/24,3.6675,0.05
3589,22/11/24,3.6335,0.05
3590,25/11/24,3.609,0.05
3591,26/11/24,3.5825,0.05
3592,27/11/24,3.5775,0.05
3593,28/11/24,3.6025,0.05
3594,29/11/24,3.627,0.05
3595,02/12/24,3.632,0.05
3596,03/12/24,3.6815,0.05
3597,04/12/24,3.7315,0.05
3598,05/12/24,3.816,0.05
3599,06/12/24,3.839,0.05
3600,09/12/24,3.839,0.05
3601,10/12/24,3.8195,0.05
3602,11/12/24,3.8555,0.05
3603,12/12/24,3.905,0.05
3604,13/12/24,3.927,0.05
3605,16/12/24,3.9435,0.05
3606,17/12/24,3.8665,0.05
3607,18/12/24,3.9,0.05
3608,19/12/24,3.853,0.05
3609,20/12/24,3.834,0.05
3610,23/12/24,3.82,0.05
3611,27/12/24,3.865,0.05
3612,30/12/24,3.863,0.05
3613,02/01/25,3.85,0.05
3614,03/01/25,3.849,0.05
3615,06/01/25,3.9295,0.05
3616,07/01/25,3.911,0.05
3617,08/01/25,3.968,0.05
3618,09/01/25,3.9895,0.05
3619,10/01/25,4.0115,0.05
3620,13/01/25,3.961,0.05
3621,14/01/25,4.071,0.05
3622,15/01/25,4.0755,0.05
3623,16/01/25,4.0985,0.05
3624,17/01/25,4.144,0.05
3625,20/01/25,4.1675,0.05
3626,21/01/25,4.1615,0.05
3627,22/01/25,4.0975,0.05
3628,23/01/25,4.178,0.05
3629,24/01/25,4.194,0.05
3630,27/01/25,4.176,0.05
3631,28/01/25,4.194,0.05
3632,29/01/25,4.25,0.05
3633,30/01/25,4.2175,0.05
3634,31/01/25,4.193,0.05
3635,03/02/25,4.1715,0.05
3636,04/02/25,4.252,0.05
3637,05/02/25,4.223,0.05
3638,06/02/25,4.349,0.05
3639,07/02/25,4.3505,0.05
3640,10/02/25,4.3415,0.05
3641,11/02/25,4.422,0.05
3642,12/02/25,4.42,0.05
3643,13/02/25,4.3785,0.05
3644,14/02/25,4.4055,0.05
